ğŸ‡,grapes fruit snack juicy healthy eating wine starter pack they did surgery on a grape
ğŸˆ,melon honeydew cantaloupe juicy fresh summer fruit
ğŸ‰,watermelon watermelon sugar high summer vibes refreshing juicy seedless
ğŸŠ,tangerine orange citrus vitamin c juicy sweet
ğŸ‹,lemon sour when life gives you lemons zesty citrus refreshing
ğŸŒ,banana minions potassium go bananas for scale fruit
ğŸ,pineapple pineapple on pizza debate tropical Spongebob's house sweet ananas
ğŸ¥­,mango tropical fruit juicy sweet mango sticky rice exotic
ğŸ,red apple an apple a day teacher's pet healthy crisp iphone
ğŸ,green apple sour apple granny smith crispy healthy snack tart
ğŸ,pear underrated fruit juicy healthy sweet fiber
ğŸ‘,peach peachy call me by your name juicy booty sweet
ğŸ’,cherries cherry on top pop the cherry sweet tart fruit twins
ğŸ“,strawberry strawberry fields forever aesthetic cute summer fruit sweet treat
ğŸ«,blueberries antioxidants superfood healthy small but mighty pancakes
ğŸ¥,kiwi fruit fuzzy tropical green inside sweet and sour New Zealand
ğŸ…,tomato fruit or vegetable sauce starter ketchup origin rotten tomatoes fresh
ğŸ«’,olive olive theory martini mediterranean diet olive oil salty
ğŸ¥¥,coconut coconut girl aesthetic tropical vibes hydrating put the lime in the coconut hard shell
ğŸ¥‘,avocado avo toast basic guac healthy fats brunch vibes
ğŸ†,eggplant sus aubergine vegetable parmesan thicc
ğŸ¥”,potato couch potato spud tater fries in the making versatile
ğŸ¥•,carrot what's up doc healthy eyesight crunchy veggie snack good for you
ğŸŒ½,ear of corn corn kid it has the juice corny summer bbq on the cob
ğŸŒ¶ï¸,hot pepper spicy hot stuff caliente too hot to handle can you take the heat
ğŸ«‘,bell pepper not spicy crunchy colorful stuffed peppers healthy
ğŸ¥’,cucumber cool as a cucumber pickles in training spa water refreshing crunchy
ğŸ¥¬,leafy green lettuce kale salad healthy greens eat your veggies
ğŸ¥¦,broccoli little trees healthy eat your greens steamed nutritious
ğŸ§„,garlic vampire repellent flavor bomb stinky but good italian cooking essential
ğŸ§…,onion makes you cry layers ogres are like onions flavor base aromatic
ğŸ¥œ,peanuts nutty peanut butter allergies goober snack time
ğŸ«˜,beans spill the beans musical fruit protein legumes what kind
ğŸŒ°,chestnut roasting on an open fire nutty fall vibes holiday treat hard shell
ğŸ«š,ginger root ginger shot spicy healthy tea ingredient flavorful
ğŸ«›,pea pod two peas in a pod cute green veggie sweet peas
ğŸ,bread let's get this bread daily bread carbs toast gluten
ğŸ¥,croissant quaso french pastry buttery flaky breakfast goals
ğŸ¥–,baguette bread oui oui french bread long bread crunchy perfect sandwich
ğŸ«“,flatbread naan pita wrap versatile bread dip it
ğŸ¥¨,pretzel salty snack twisted soft pretzel beer garden yum
ğŸ¥¯,bagel everything bagel schmear breakfast new york style carbs
ğŸ¥,pancakes stack 'em high syrup breakfast fluffy brunch
ğŸ§‡,waffle blue waffle leggo my eggo Leslie Knope's favorite syrup pockets crispy
ğŸ§€,cheese wedge say cheese cheese pull cheesy charcuterie board tasty
ğŸ–,meat on bone dino food caveman style protein nom nom get in my belly
ğŸ—,poultry leg chicken leg turkey leg drumstick fried chicken finger lickin good
ğŸ¥©,cut of meat steak night medium rare carnivore protein goals grill marks
ğŸ¥“,bacon everything's better with bacon crispy sizzle breakfast mmm bacon
ğŸ”,hamburger cheeseburger krabby patty burger time foodie let's eat
ğŸŸ,french fries fries before guys salty side dish fast food would you like fries with that
ğŸ•,pizza za pizza night slice slice baby cheese pull pep talk
ğŸŒ­,hot dog glizzy hot dog water bbq staple fourth of july ballpark food
ğŸ¥ª,sandwich sammie lunch time what's inside subway hoagie
ğŸŒ®,taco taco tuesday let's taco bout it mexican food crunchy fiesta
ğŸŒ¯,burrito burrito bowl chipotle life food baby wrapped up delicious
ğŸ«”,tamale steamed masa holiday food mexican tradition unwrapping goodness
ğŸ¥™,stuffed flatbread pita pocket gyro kebab mediterranean food delicious filling
ğŸ§†,falafel vegetarian chickpeas middle eastern food tasty balls healthy option
ğŸ¥š,egg eggcellent what came first protein sunny side up scrambled
ğŸ³,cooking this is your brain on drugs let him cook what's cooking in the kitchen frying pan
ğŸ¥˜,shallow pan of food paella family style big meal sharing is caring one pot meal
ğŸ²,pot of food stew soup hot pot comfort food simmering
ğŸ«•,fondue cheese dip chocolate fountain sharing retro party dipping fun
ğŸ¥£,bowl with spoon cereal killer soup's on oatmeal breakfast comfort food
ğŸ¥—,green salad healthy choice eat your greens side salad fresh dressing on the side
ğŸ¿,popcorn movie night spill the tea salty snack crunchy here for the drama
ğŸ§ˆ,butter buttery smooth on toast baking essential everything's better with butter fat
ğŸ§‚,salt salty add flavor seasoning spill the salt too much
ğŸ¥«,canned food pantry staple andy warhol spam long shelf life emergency food
ğŸ±,bento box cute lunch japanese meal organized food lunch goals variety
ğŸ˜,rice cracker senbei japanese snack crunchy light snack savory
ğŸ™,rice ball onigiri jelly filled donut japanese snack portable meal seaweed
ğŸš,cooked rice staple food asian cuisine steamed perfectly cooked white rice
ğŸ›,curry rice spicy comfort food indian food japanese curry flavorful
ğŸœ,steaming bowl ramen noodles naruto's favorite hot soup slurp
ğŸ,spaghetti lady and the tramp pasta night italian food moms spaghetti twirl it
ğŸ ,roasted sweet potato healthy carbs fall vibes sweet tasty baked
ğŸ¢,oden japanese winter food hot pot skewer comfort food dashi broth variety
ğŸ£,sushi sushi roll raw fish wasabi soy sauce japanese cuisine
ğŸ¤,fried shrimp tempura popcorn shrimp seafood crunchy appetizer
ğŸ¥,fish cake with swirl naruto ramen topping kamaboko japanese food cute design
ğŸ¥®,moon cake mid-autumn festival chinese pastry lotus paste sweet holiday treat
ğŸ¡,dango japanese sweet mochi on a stick cute dessert sweet dumplings tea time
ğŸ¥Ÿ,dumpling dumpling gang bao dim sum potsticker delicious filling
ğŸ¥ ,fortune cookie wise words dessert unfortunate fortune chinese takeout what's my fortune
ğŸ¥¡,takeout box leftovers chinese food delivery movie night in lazy dinner
ğŸ¦€,crab crab rave mr krabs crustacean seafood boil beachy
ğŸ¦,lobster bougie seafood fancy dinner rock lobster expensive buttery
ğŸ¦,shrimp shrimp on the barbie small but tasty seafood cocktail shrimp peel and eat
ğŸ¦‘,squid squidward calamari squid game tentacles ink
ğŸ¦ª,oyster aphrodisiac pearl inside raw bar seafood delicacy slurp
ğŸ¦,soft ice cream ice cream cone soft serve summer treat swirl melty
ğŸ§,shaved ice snow cone kakigori refreshing summer dessert colorful syrup
ğŸ¨,ice cream sundae scoops dessert we all scream for ice cream sweet treat
ğŸ©,doughnut donut sprinkles glazed coffee's best friend sweet circle
ğŸª,cookie cookie monster tough cookie baking chocolate chip snack
ğŸ‚,birthday cake happy birthday make a wish celebration party time slice of cake
ğŸ°,shortcake piece of cake dessert sweet fancy pastry tea party
ğŸ§,cupcake cute cake mini cake baking frosting sweet treat
ğŸ¥§,pie sweetie pie cutie pie thanksgiving dessert apple pie slice of heaven
ğŸ«,chocolate bar chocoholic sweet treat candy bar gotta have it break me off a piece
ğŸ¬,candy sweet tooth like a kid in a candy store sugar rush treat sweets
ğŸ­,lollipop sweet sucker candy colorful sugar how many licks
ğŸ®,custard flan pudding jiggly dessert sweet creamy
ğŸ¯,honey pot winnie the pooh sweetie honey natural sweetener sticky
ğŸ¼,baby bottle cry baby newborn milk baby needs infant
ğŸ¥›,glass of milk got milk calcium strong bones cookies' best friend dairy
â˜•,hot beverage spill the tea coffee break cozy vibes morning ritual caffeine fix
ğŸ«–,teapot tea time I'm a little teapot kermit sipping gossip hot water
ğŸµ,teacup without handle matcha green tea zen calm vibes japanese tea ceremony
ğŸ¶,sake japanese rice wine kanpai hot or cold drink up cheers
ğŸ¾,bottle with popping cork celebration champagne new years eve pop the bubbly congrats
ğŸ·,wine glass wine mom wine o'clock classy red or white cheers
ğŸ¸,cocktail glass martini shaken not stirred happy hour fancy drink cheers
ğŸ¹,tropical drink vacation mode piÃ±a colada on the beach fruity summer drink
ğŸº,beer mug cheers cold one happy hour weekend vibes beer o'clock
ğŸ»,clinking beer mugs cheers to that good times with the boys celebrating bottoms up
ğŸ¥‚,clinking glasses cheers celebration toast congratulations fancy
ğŸ¥ƒ,tumbler glass whiskey on the rocks nightcap strong drink sipping
ğŸ«—,pouring liquid pour one out hydrating fill 'er up thirsty splash
ğŸ¥¤,cup with straw soda pop fast food drink slurp refreshment to-go cup
ğŸ§‹,bubble tea boba tapioca pearls milk tea trendy drink chewy
ğŸ§ƒ,beverage box juice box childhood memories capri sun thirst quencher sweet drink
ğŸ§‰,mate south american tea yerba mate sharing is caring caffeine kick social drink
ğŸ§Š,ice ice ice baby chill cool down on the rocks frozen water
ğŸ¥¢,chopsticks asian cuisine tricky to use sushi night noodle helper eating utensils
ğŸ½ï¸,fork and knife with plate dinner time let's eat bon appetit cutlery table setting
ğŸ´,fork and knife utensils time to eat foodie restaurant cutlery
ğŸ¥„,spoon spooning cereal soup scoop utensil
ğŸ”ª,kitchen knife psycho chef's knife chopping sharp cooking tool
ğŸ«™,jar jar of dirt canning preserves storage mason jar
ğŸº,amphora ancient pottery greek vase historical artifact clay pot museum piece
