ğŸ‘‹,waving hand hello slap hey what's up yo bye slapping,ğŸ‘‹ğŸ»,ğŸ‘‹ğŸ»,ğŸ‘‹ğŸ¼,ğŸ‘‹ğŸ»,ğŸ‘‹ğŸ¼,ğŸ‘‹ğŸ½,ğŸ‘‹ğŸ»,ğŸ‘‹ğŸ¼,ğŸ‘‹ğŸ½,ğŸ‘‹ğŸ¾,ğŸ‘‹ğŸ»,ğŸ‘‹ğŸ¼,ğŸ‘‹ğŸ½,ğŸ‘‹ğŸ¾,ğŸ‘‹ğŸ¿
ğŸ¤š,raised back of hand talk to the hand stop high five hold up wait,ğŸ¤šğŸ»,ğŸ¤šğŸ»,ğŸ¤šğŸ¼,ğŸ¤šğŸ»,ğŸ¤šğŸ¼,ğŸ¤šğŸ½,ğŸ¤šğŸ»,ğŸ¤šğŸ¼,ğŸ¤šğŸ½,ğŸ¤šğŸ¾,ğŸ¤šğŸ»,ğŸ¤šğŸ¼,ğŸ¤šğŸ½,ğŸ¤šğŸ¾,ğŸ¤šğŸ¿
ğŸ–ï¸,hand with fingers splayed high five stop talk to the hand five fingers wait,ğŸ–ğŸ»,ğŸ–ğŸ»,ğŸ–ğŸ¼,ğŸ–ğŸ»,ğŸ–ğŸ¼,ğŸ–ğŸ½,ğŸ–ğŸ»,ğŸ–ğŸ¼,ğŸ–ğŸ½,ğŸ–ğŸ¾,ğŸ–ğŸ»,ğŸ–ğŸ¼,ğŸ–ğŸ½,ğŸ–ğŸ¾,ğŸ–ğŸ¿
âœ‹,raised hand high five stop talk to the hand ask a question volunteer,âœ‹ğŸ»,âœ‹ğŸ»,âœ‹ğŸ¼,âœ‹ğŸ»,âœ‹ğŸ¼,âœ‹ğŸ½,âœ‹ğŸ»,âœ‹ğŸ¼,âœ‹ğŸ½,âœ‹ğŸ¾,âœ‹ğŸ»,âœ‹ğŸ¼,âœ‹ğŸ½,ğŸ¤šğŸ¾,ğŸ¤šğŸ¿
ğŸ––,vulcan salute live long and prosper spock star trek nerd sci-fi,ğŸ––ğŸ»,ğŸ––ğŸ»,ğŸ––ğŸ¼,ğŸ––ğŸ»,ğŸ––ğŸ¼,ğŸ––ğŸ½,ğŸ––ğŸ»,ğŸ––ğŸ¼,ğŸ––ğŸ½,ğŸ––ğŸ¾,ğŸ––ğŸ»,ğŸ––ğŸ¼,ğŸ––ğŸ½,ğŸ––ğŸ¾,ğŸ––ğŸ¿
ğŸ«±,rightwards hand here you go let's shake on it deal pass it reaching out,ğŸ«±ğŸ»,ğŸ«±ğŸ»,ğŸ«±ğŸ¼,ğŸ«±ğŸ»,ğŸ«±ğŸ¼,ğŸ«±ğŸ½,ğŸ«±ğŸ»,ğŸ«±ğŸ¼,ğŸ«±ğŸ½,ğŸ«±ğŸ¾,ğŸ«±ğŸ»,ğŸ«±ğŸ¼,ğŸ«±ğŸ½,ğŸ«±ğŸ¾,ğŸ«±ğŸ¿
ğŸ«²,leftwards hand take it come here gimme reaching left hand,ğŸ«²ğŸ»,ğŸ«²ğŸ»,ğŸ«²ğŸ¼,ğŸ«²ğŸ»,ğŸ«²ğŸ¼,ğŸ«²ğŸ½,ğŸ«²ğŸ»,ğŸ«²ğŸ¼,ğŸ«²ğŸ½,ğŸ«²ğŸ¾,ğŸ«²ğŸ»,ğŸ«²ğŸ¼,ğŸ«²ğŸ½,ğŸ«²ğŸ¾,ğŸ«²ğŸ¿
ğŸ«³,palm down hand drop it let it go smack down oops clumsy,ğŸ«³ğŸ»,ğŸ«³ğŸ»,ğŸ«³ğŸ¼,ğŸ«³ğŸ»,ğŸ«³ğŸ¼,ğŸ«³ğŸ½,ğŸ«³ğŸ»,ğŸ«³ğŸ¼,ğŸ«³ğŸ½,ğŸ«³ğŸ¾,ğŸ«³ğŸ»,ğŸ«³ğŸ¼,ğŸ«³ğŸ½,ğŸ«³ğŸ¾,ğŸ«³ğŸ¿
ğŸ«´,palm up hand gimme what receiving can I have palm up,ğŸ«´ğŸ»,ğŸ«´ğŸ»,ğŸ«´ğŸ¼,ğŸ«´ğŸ»,ğŸ«´ğŸ¼,ğŸ«´ğŸ½,ğŸ«´ğŸ»,ğŸ«´ğŸ¼,ğŸ«´ğŸ½,ğŸ«´ğŸ¾,ğŸ«´ğŸ»,ğŸ«´ğŸ¼,ğŸ«´ğŸ½,ğŸ«´ğŸ¾,ğŸ«´ğŸ¿
ğŸ«·,leftwards pushing hand push back get away leave me alone not today boundaries,ğŸ«·ğŸ»,ğŸ«·ğŸ»,ğŸ«·ğŸ¼,ğŸ«·ğŸ»,ğŸ«·ğŸ¼,ğŸ«·ğŸ½,ğŸ«·ğŸ»,ğŸ«·ğŸ¼,ğŸ«·ğŸ½,ğŸ«·ğŸ¾,ğŸ«·ğŸ»,ğŸ«·ğŸ¼,ğŸ«·ğŸ½,ğŸ«·ğŸ¾,ğŸ«·ğŸ¿
ğŸ«¸,rightwards pushing hand pushing forward move it let's go onward force,ğŸ«¸ğŸ»,ğŸ«¸ğŸ»,ğŸ«¸ğŸ¼,ğŸ«¸ğŸ»,ğŸ«¸ğŸ¼,ğŸ«¸ğŸ½,ğŸ«¸ğŸ»,ğŸ«¸ğŸ¼,ğŸ«¸ğŸ½,ğŸ«¸ğŸ¾,ğŸ«¸ğŸ»,ğŸ«¸ğŸ¼,ğŸ«¸ğŸ½,ğŸ«¸ğŸ¾,ğŸ«¸ğŸ¿
ğŸ‘Œ,OK hand best bet perfect chef's kiss A-OK no notes,ğŸ‘ŒğŸ»,ğŸ‘ŒğŸ»,ğŸ‘ŒğŸ¼,ğŸ‘ŒğŸ»,ğŸ‘ŒğŸ¼,ğŸ‘ŒğŸ½,ğŸ‘ŒğŸ»,ğŸ‘ŒğŸ¼,ğŸ‘ŒğŸ½,ğŸ‘ŒğŸ¾,ğŸ‘ŒğŸ»,ğŸ‘ŒğŸ¼,ğŸ‘ŒğŸ½,ğŸ‘ŒğŸ¾,ğŸ‘ŒğŸ¿
ğŸ¤Œ,pinched fingers quality italian gesture what do you want capiche perfection mamma mia,ğŸ¤ŒğŸ»,ğŸ¤ŒğŸ»,ğŸ¤ŒğŸ¼,ğŸ¤ŒğŸ»,ğŸ¤ŒğŸ¼,ğŸ¤ŒğŸ½,ğŸ¤ŒğŸ»,ğŸ¤ŒğŸ¼,ğŸ¤ŒğŸ½,ğŸ¤ŒğŸ¾,ğŸ¤ŒğŸ»,ğŸ¤ŒğŸ¼,ğŸ¤ŒğŸ½,ğŸ¤ŒğŸ¾,ğŸ¤ŒğŸ¿
ğŸ¤,pinching hand just a little bit smol tiny so close a pinch,ğŸ¤ğŸ»,ğŸ¤ğŸ»,ğŸ¤ğŸ¼,ğŸ¤ğŸ»,ğŸ¤ğŸ¼,ğŸ¤ğŸ½,ğŸ¤ğŸ»,ğŸ¤ğŸ¼,ğŸ¤ğŸ½,ğŸ¤ğŸ¾,ğŸ¤ğŸ»,ğŸ¤ğŸ¼,ğŸ¤ğŸ½,ğŸ¤ğŸ¾,ğŸ¤ğŸ¿
âœŒï¸,victory hand peace out deuces good vibes we out victory,âœŒğŸ»,âœŒğŸ»,âœŒğŸ¼,âœŒğŸ»,âœŒğŸ¼,âœŒğŸ½,âœŒğŸ»,âœŒğŸ¼,âœŒğŸ½,âœŒğŸ¾,âœŒğŸ»,âœŒğŸ¼,âœŒğŸ½,âœŒğŸ¾,âœŒğŸ¿
ğŸ¤,crossed fingers fingers crossed manifesting good luck hope so please,ğŸ¤ğŸ»,ğŸ¤ğŸ»,ğŸ¤ğŸ¼,ğŸ¤ğŸ»,ğŸ¤ğŸ¼,ğŸ¤ğŸ½,ğŸ¤ğŸ»,ğŸ¤ğŸ¼,ğŸ¤ğŸ½,ğŸ¤ğŸ¾,ğŸ¤ğŸ»,ğŸ¤ğŸ¼,ğŸ¤ğŸ½,ğŸ¤ğŸ¾,ğŸ¤ğŸ¿
ğŸ«°,hand with index finger and thumb crossed finger heart k-pop saranghae love money,ğŸ«°ğŸ»,ğŸ«°ğŸ»,ğŸ«°ğŸ¼,ğŸ«°ğŸ»,ğŸ«°ğŸ¼,ğŸ«°ğŸ½,ğŸ«°ğŸ»,ğŸ«°ğŸ¼,ğŸ«°ğŸ½,ğŸ«°ğŸ¾,ğŸ«°ğŸ»,ğŸ«°ğŸ¼,ğŸ«°ğŸ½,ğŸ«°ğŸ¾,ğŸ«°ğŸ¿
ğŸ¤Ÿ,love-you gesture i love you ily rock on asl love gesture,ğŸ¤ŸğŸ»,ğŸ¤ŸğŸ»,ğŸ¤ŸğŸ¼,ğŸ¤ŸğŸ»,ğŸ¤ŸğŸ¼,ğŸ¤ŸğŸ½,ğŸ¤ŸğŸ»,ğŸ¤ŸğŸ¼,ğŸ¤ŸğŸ½,ğŸ¤ŸğŸ¾,ğŸ¤ŸğŸ»,ğŸ¤ŸğŸ¼,ğŸ¤ŸğŸ½,ğŸ¤ŸğŸ¾,ğŸ¤ŸğŸ¿
ğŸ¤˜,sign of the horns rock on metal slay party hard heck yeah,ğŸ¤˜ğŸ»,ğŸ¤˜ğŸ»,ğŸ¤˜ğŸ¼,ğŸ¤˜ğŸ»,ğŸ¤˜ğŸ¼,ğŸ¤˜ğŸ½,ğŸ¤˜ğŸ»,ğŸ¤˜ğŸ¼,ğŸ¤˜ğŸ½,ğŸ¤˜ğŸ¾,ğŸ¤˜ğŸ»,ğŸ¤˜ğŸ¼,ğŸ¤˜ğŸ½,ğŸ¤˜ğŸ¾,ğŸ¤˜ğŸ¿
ğŸ¤™,call me hand shaka hang loose call me sup rad,ğŸ¤™ğŸ»,ğŸ¤™ğŸ»,ğŸ¤™ğŸ¼,ğŸ¤™ğŸ»,ğŸ¤™ğŸ¼,ğŸ¤™ğŸ½,ğŸ¤™ğŸ»,ğŸ¤™ğŸ¼,ğŸ¤™ğŸ½,ğŸ¤™ğŸ¾,ğŸ¤™ğŸ»,ğŸ¤™ğŸ¼,ğŸ¤™ğŸ½,ğŸ¤™ğŸ¾,ğŸ¤™ğŸ¿
ğŸ‘ˆ,backhand index pointing left this look left check it out facts i'm with them,ğŸ‘ˆğŸ»,ğŸ‘ˆğŸ»,ğŸ‘ˆğŸ¼,ğŸ‘ˆğŸ»,ğŸ‘ˆğŸ¼,ğŸ‘ˆğŸ½,ğŸ‘ˆğŸ»,ğŸ‘ˆğŸ¼,ğŸ‘ˆğŸ½,ğŸ‘ˆğŸ¾,ğŸ‘ˆğŸ»,ğŸ‘ˆğŸ¼,ğŸ‘ˆğŸ½,ğŸ‘ˆğŸ¾,ğŸ‘ˆğŸ¿
ğŸ‘‰,backhand index pointing right this look right check it out facts them,ğŸ‘‰ğŸ»,ğŸ‘‰ğŸ»,ğŸ‘‰ğŸ¼,ğŸ‘‰ğŸ»,ğŸ‘‰ğŸ¼,ğŸ‘‰ğŸ½,ğŸ‘‰ğŸ»,ğŸ‘‰ğŸ¼,ğŸ‘‰ğŸ½,ğŸ‘‰ğŸ¾,ğŸ‘‰ğŸ»,ğŸ‘‰ğŸ¼,ğŸ‘‰ğŸ½,ğŸ‘‰ğŸ¾,ğŸ‘‰ğŸ¿
ğŸ‘†,backhand index pointing up this i agree preach what they said scroll up,ğŸ‘†ğŸ»,ğŸ‘†ğŸ»,ğŸ‘†ğŸ¼,ğŸ‘†ğŸ»,ğŸ‘†ğŸ¼,ğŸ‘†ğŸ½,ğŸ‘†ğŸ»,ğŸ‘†ğŸ¼,ğŸ‘†ğŸ½,ğŸ‘†ğŸ¾,ğŸ‘†ğŸ»,ğŸ‘†ğŸ¼,ğŸ‘†ğŸ½,ğŸ‘†ğŸ¾,ğŸ‘†ğŸ¿
ğŸ–•,middle finger fuck off bird flip off eff you leave me alone idgaf,ğŸ–•ğŸ»,ğŸ–•ğŸ»,ğŸ–•ğŸ¼,ğŸ–•ğŸ»,ğŸ–•ğŸ¼,ğŸ–•ğŸ½,ğŸ–•ğŸ»,ğŸ–•ğŸ¼,ğŸ–•ğŸ½,ğŸ–•ğŸ¾,ğŸ–•ğŸ»,ğŸ–•ğŸ¼,ğŸ–•ğŸ½,ğŸ–•ğŸ¾,ğŸ–•ğŸ¿
ğŸ‘‡,backhand index pointing down this scroll down link in bio the tea see below,ğŸ‘‡ğŸ»,ğŸ‘‡ğŸ»,ğŸ‘‡ğŸ¼,ğŸ‘‡ğŸ»,ğŸ‘‡ğŸ¼,ğŸ‘‡ğŸ½,ğŸ‘‡ğŸ»,ğŸ‘‡ğŸ¼,ğŸ‘‡ğŸ½,ğŸ‘‡ğŸ¾,ğŸ‘‡ğŸ»,ğŸ‘‡ğŸ¼,ğŸ‘‡ğŸ½,ğŸ‘‡ğŸ¾,ğŸ‘‡ğŸ¿
â˜ï¸,index pointing up number one i have a point actually hold on one sec,â˜ğŸ»,â˜ğŸ»,â˜ğŸ¼,â˜ğŸ»,â˜ğŸ¼,â˜ğŸ½,â˜ğŸ»,â˜ğŸ¼,â˜ğŸ½,â˜ğŸ¾,â˜ğŸ»,â˜ğŸ¼,â˜ğŸ½,â˜ğŸ¾,â˜ğŸ¿
ğŸ«µ,index pointing at the viewer you you no you i choose you uno reverse get real,ğŸ«µğŸ»,ğŸ«µğŸ»,ğŸ«µğŸ¼,ğŸ«µğŸ»,ğŸ«µğŸ¼,ğŸ«µğŸ½,ğŸ«µğŸ»,ğŸ«µğŸ¼,ğŸ«µğŸ½,ğŸ«µğŸ¾,ğŸ«µğŸ»,ğŸ«µğŸ¼,ğŸ«µğŸ½,ğŸ«µğŸ¾,ğŸ«µğŸ¿
ğŸ‘,thumbs up all the best bet sounds good cool for sure like,ğŸ‘ğŸ»,ğŸ‘ğŸ»,ğŸ‘ğŸ¼,ğŸ‘ğŸ»,ğŸ‘ğŸ¼,ğŸ‘ğŸ½,ğŸ‘ğŸ»,ğŸ‘ğŸ¼,ğŸ‘ğŸ½,ğŸ‘ğŸ¾,ğŸ‘ğŸ»,ğŸ‘ğŸ¼,ğŸ‘ğŸ½,ğŸ‘ğŸ¾,ğŸ‘ğŸ¿
ğŸ‘,thumbs down nah hard pass dislike lame boo,ğŸ‘ğŸ»,ğŸ‘ğŸ»,ğŸ‘ğŸ¼,ğŸ‘ğŸ»,ğŸ‘ğŸ¼,ğŸ‘ğŸ½,ğŸ‘ğŸ»,ğŸ‘ğŸ¼,ğŸ‘ğŸ½,ğŸ‘ğŸ¾,ğŸ‘ğŸ»,ğŸ‘ğŸ¼,ğŸ‘ğŸ½,ğŸ‘ğŸ¾,ğŸ‘ğŸ¿
âœŠ,raised fist solidarity power BLM resist protest,âœŠğŸ»,âœŠğŸ»,âœŠğŸ¼,âœŠğŸ»,âœŠğŸ¼,âœŠğŸ½,âœŠğŸ»,âœŠğŸ¼,âœŠğŸ½,âœŠğŸ¾,âœŠğŸ»,âœŠğŸ¼,âœŠğŸ½,âœŠğŸ¾,âœŠğŸ¿
ğŸ‘Š,oncoming fist fist bump bro fist respect let's go pound it,ğŸ‘ŠğŸ»,ğŸ‘ŠğŸ»,ğŸ‘ŠğŸ¼,ğŸ‘ŠğŸ»,ğŸ‘ŠğŸ¼,ğŸ‘ŠğŸ½,ğŸ‘ŠğŸ»,ğŸ‘ŠğŸ¼,ğŸ‘ŠğŸ½,ğŸ‘ŠğŸ¾,ğŸ‘ŠğŸ»,ğŸ‘ŠğŸ¼,ğŸ‘ŠğŸ½,ğŸ‘ŠğŸ¾,ğŸ‘ŠğŸ¿
ğŸ¤›,left-facing fist fist bump left punch coming at ya combo respect,ğŸ¤›ğŸ»,ğŸ¤›ğŸ»,ğŸ¤›ğŸ¼,ğŸ¤›ğŸ»,ğŸ¤›ğŸ¼,ğŸ¤›ğŸ½,ğŸ¤›ğŸ»,ğŸ¤›ğŸ¼,ğŸ¤›ğŸ½,ğŸ¤›ğŸ¾,ğŸ¤›ğŸ»,ğŸ¤›ğŸ¼,ğŸ¤›ğŸ½,ğŸ¤›ğŸ¾,ğŸ¤›ğŸ¿
ğŸ¤œ,right-facing fist fist bump right punch let's do this respect teamwork,ğŸ¤œğŸ»,ğŸ¤œğŸ»,ğŸ¤œğŸ¼,ğŸ¤œğŸ»,ğŸ¤œğŸ¼,ğŸ¤œğŸ½,ğŸ¤œğŸ»,ğŸ¤œğŸ¼,ğŸ¤œğŸ½,ğŸ¤œğŸ¾,ğŸ¤œğŸ»,ğŸ¤œğŸ¼,ğŸ¤œğŸ½,ğŸ¤œğŸ¾,ğŸ¤œğŸ¿
ğŸ‘,clapping hands periodt slay round of applause facts yass,ğŸ‘ğŸ»,ğŸ‘ğŸ»,ğŸ‘ğŸ¼,ğŸ‘ğŸ»,ğŸ‘ğŸ¼,ğŸ‘ğŸ½,ğŸ‘ğŸ»,ğŸ‘ğŸ¼,ğŸ‘ğŸ½,ğŸ‘ğŸ¾,ğŸ‘ğŸ»,ğŸ‘ğŸ¼,ğŸ‘ğŸ½,ğŸ‘ğŸ¾,ğŸ‘ğŸ¿
ğŸ™Œ,raising hands praise blessed celebrate hallelujah we made it,ğŸ™ŒğŸ»,ğŸ™ŒğŸ»,ğŸ™ŒğŸ¼,ğŸ™ŒğŸ»,ğŸ™ŒğŸ¼,ğŸ™ŒğŸ½,ğŸ™ŒğŸ»,ğŸ™ŒğŸ¼,ğŸ™ŒğŸ½,ğŸ™ŒğŸ¾,ğŸ™ŒğŸ»,ğŸ™ŒğŸ¼,ğŸ™ŒğŸ½,ğŸ™ŒğŸ¾,ğŸ™ŒğŸ¿
ğŸ«¶,heart hands love this support wholesome my heart thank you,ğŸ«¶ğŸ»,ğŸ«¶ğŸ»,ğŸ«¶ğŸ¼,ğŸ«¶ğŸ»,ğŸ«¶ğŸ¼,ğŸ«¶ğŸ½,ğŸ«¶ğŸ»,ğŸ«¶ğŸ¼,ğŸ«¶ğŸ½,ğŸ«¶ğŸ¾,ğŸ«¶ğŸ»,ğŸ«¶ğŸ¼,ğŸ«¶ğŸ½,ğŸ«¶ğŸ¾,ğŸ«¶ğŸ¿
ğŸ‘,open hands jazz hands it is what it is whatever open arms hugs,ğŸ‘ğŸ»,ğŸ‘ğŸ»,ğŸ‘ğŸ¼,ğŸ‘ğŸ»,ğŸ‘ğŸ¼,ğŸ‘ğŸ½,ğŸ‘ğŸ»,ğŸ‘ğŸ¼,ğŸ‘ğŸ½,ğŸ‘ğŸ¾,ğŸ‘ğŸ»,ğŸ‘ğŸ¼,ğŸ‘ğŸ½,ğŸ‘ğŸ¾,ğŸ‘ğŸ¿
ğŸ¤²,palms up together praying receiving blessings dua give charity,ğŸ¤²ğŸ»,ğŸ¤²ğŸ»,ğŸ¤²ğŸ¼,ğŸ¤²ğŸ»,ğŸ¤²ğŸ¼,ğŸ¤²ğŸ½,ğŸ¤²ğŸ»,ğŸ¤²ğŸ¼,ğŸ¤²ğŸ½,ğŸ¤²ğŸ¾,ğŸ¤²ğŸ»,ğŸ¤²ğŸ¼,ğŸ¤²ğŸ½,ğŸ¤²ğŸ¾,ğŸ¤²ğŸ¿
ğŸ¤,handshake deal agreement shook on it let's work together respect,ğŸ¤ğŸ»,ğŸ¤ğŸ»,ğŸ¤ğŸ¼,ğŸ¤ğŸ»,ğŸ¤ğŸ¼,ğŸ¤ğŸ½,ğŸ¤ğŸ»,ğŸ¤ğŸ¼,ğŸ¤ğŸ½,ğŸ¤ğŸ¾
ğŸ™,folded hands praying manifesting please thank you namaste,ğŸ™ğŸ»,ğŸ™ğŸ»,ğŸ™ğŸ¼,ğŸ™ğŸ»,ğŸ™ğŸ¼,ğŸ™ğŸ½,ğŸ™ğŸ»,ğŸ™ğŸ¼,ğŸ™ğŸ½,ğŸ™ğŸ¾,ğŸ™ğŸ»,ğŸ™ğŸ¼,ğŸ™ğŸ½,ğŸ™ğŸ¾,ğŸ™ğŸ¿
âœï¸,writing hand taking notes writing this down dear diary studyblr facts,âœğŸ»,âœğŸ»,âœğŸ¼,âœğŸ»,âœğŸ¼,âœğŸ½,âœğŸ»,âœğŸ¼,âœğŸ½,âœğŸ¾,âœğŸ»,âœğŸ¼,âœğŸ½,âœğŸ¾,âœğŸ¿
ğŸ’…,nail polish slay sassy feeling myself drama spilling the tea,ğŸ’…ğŸ»,ğŸ’…ğŸ»,ğŸ’…ğŸ¼,ğŸ’…ğŸ»,ğŸ’…ğŸ¼,ğŸ’…ğŸ½,ğŸ’…ğŸ»,ğŸ’…ğŸ¼,ğŸ’…ğŸ½,ğŸ’…ğŸ¾,ğŸ’…ğŸ»,ğŸ’…ğŸ¼,ğŸ’…ğŸ½,ğŸ’…ğŸ¾,ğŸ’…ğŸ¿
ğŸ¤³,selfie selfie time feeling cute golden hour but first a selfie main character,ğŸ¤³ğŸ»,ğŸ¤³ğŸ»,ğŸ¤³ğŸ¼,ğŸ¤³ğŸ»,ğŸ¤³ğŸ¼,ğŸ¤³ğŸ½,ğŸ¤³ğŸ»,ğŸ¤³ğŸ¼,ğŸ¤³ğŸ½,ğŸ¤³ğŸ¾,ğŸ¤³ğŸ»,ğŸ¤³ğŸ¼,ğŸ¤³ğŸ½,ğŸ¤³ğŸ¾,ğŸ¤³ğŸ¿
ğŸ’ª,flexed biceps strong gym rat gains no pain no gain power,ğŸ’ªğŸ»,ğŸ’ªğŸ»,ğŸ’ªğŸ¼,ğŸ’ªğŸ»,ğŸ’ªğŸ¼,ğŸ’ªğŸ½,ğŸ’ªğŸ»,ğŸ’ªğŸ¼,ğŸ’ªğŸ½,ğŸ’ªğŸ¾,ğŸ’ªğŸ»,ğŸ’ªğŸ¼,ğŸ’ªğŸ½,ğŸ’ªğŸ¾,ğŸ’ªğŸ¿
ğŸ¦¾,mechanical arm cyborg arm bionic winter soldier future tech upgrade
ğŸ¦¿,mechanical leg cyborg leg bionic upgrade future tech fast
ğŸ¦µ,leg leg day thicc serving legs kicks don't skip,ğŸ¦µğŸ»,ğŸ¦µğŸ»,ğŸ¦µğŸ¼,ğŸ¦µğŸ»,ğŸ¦µğŸ¼,ğŸ¦µğŸ½,ğŸ¦µğŸ»,ğŸ¦µğŸ¼,ğŸ¦µğŸ½,ğŸ¦µğŸ¾,ğŸ¦µğŸ»,ğŸ¦µğŸ¼,ğŸ¦µğŸ½,ğŸ¦µğŸ¾,ğŸ¦µğŸ¿
ğŸ¦¶,foot for free? feet pics down bad footsies grounded,ğŸ¦¶ğŸ»,ğŸ¦¶ğŸ»,ğŸ¦¶ğŸ¼,ğŸ¦¶ğŸ»,ğŸ¦¶ğŸ¼,ğŸ¦¶ğŸ½,ğŸ¦¶ğŸ»,ğŸ¦¶ğŸ¼,ğŸ¦¶ğŸ½,ğŸ¦¶ğŸ¾,ğŸ¦¶ğŸ»,ğŸ¦¶ğŸ¼,ğŸ¦¶ğŸ½,ğŸ¦¶ğŸ¾,ğŸ¦¶ğŸ¿
ğŸ‘‚,ear i'm listening spill the tea all ears eavesdropping say what,ğŸ‘‚ğŸ»,ğŸ‘‚ğŸ»,ğŸ‘‚ğŸ¼,ğŸ‘‚ğŸ»,ğŸ‘‚ğŸ¼,ğŸ‘‚ğŸ½,ğŸ‘‚ğŸ»,ğŸ‘‚ğŸ¼,ğŸ‘‚ğŸ½,ğŸ‘‚ğŸ¾,ğŸ‘‚ğŸ»,ğŸ‘‚ğŸ¼,ğŸ‘‚ğŸ½,ğŸ‘‚ğŸ¾,ğŸ‘‚ğŸ¿
ğŸ¦»,ear with hearing aid hard of hearing what? accessibility louder please hearing aid,ğŸ¦»ğŸ»,ğŸ¦»ğŸ»,ğŸ¦»ğŸ¼,ğŸ¦»ğŸ»,ğŸ¦»ğŸ¼,ğŸ¦»ğŸ½,ğŸ¦»ğŸ»,ğŸ¦»ğŸ¼,ğŸ¦»ğŸ½,ğŸ¦»ğŸ¾,ğŸ¦»ğŸ»,ğŸ¦»ğŸ¼,ğŸ¦»ğŸ½,ğŸ¦»ğŸ¾,ğŸ¦»ğŸ¿
ğŸ‘ƒ,nose that smells nosy stinky something fishy sniffing,ğŸ‘ƒğŸ»,ğŸ‘ƒğŸ»,ğŸ‘ƒğŸ¼,ğŸ‘ƒğŸ»,ğŸ‘ƒğŸ¼,ğŸ‘ƒğŸ½,ğŸ‘ƒğŸ»,ğŸ‘ƒğŸ¼,ğŸ‘ƒğŸ½,ğŸ‘ƒğŸ¾,ğŸ‘ƒğŸ»,ğŸ‘ƒğŸ¼,ğŸ‘ƒğŸ½,ğŸ‘ƒğŸ¾,ğŸ‘ƒğŸ¿
ğŸ§ ,brain big brain move galaxy brain smart af mind blown 5head
ğŸ«€,anatomical heart my heart literally love biology beating fast
ğŸ«,lungs breathe take a breath anxious calm down biology
ğŸ¦·,tooth smile pearly whites braces dental toothy grin
ğŸ¦´,bone spooky bare bones anatomy skeleton crew no meat
ğŸ‘€,eyes look watching lurking the tea spill it i see you
ğŸ‘ï¸,eye illuminati confirmed third eye open judging you i'm watching side eye
ğŸ‘…,tongue taste silly goofy tastes good licking blep
ğŸ‘„,mouth speak gossip spill the tea juicy say less lips are sealed
ğŸ«¦,biting lip horny rizz god down bad flirty tempting seductive
ğŸ‘¶,baby baby face smol newbie innocent cute,ğŸ‘¶ğŸ»,ğŸ‘¶ğŸ»,ğŸ‘¶ğŸ¼,ğŸ‘¶ğŸ»,ğŸ‘¶ğŸ¼,ğŸ‘¶ğŸ½,ğŸ‘¶ğŸ»,ğŸ‘¶ğŸ¼,ğŸ‘¶ğŸ½,ğŸ‘¶ğŸ¾,ğŸ‘¶ğŸ»,ğŸ‘¶ğŸ¼,ğŸ‘¶ğŸ½,ğŸ‘¶ğŸ¾,ğŸ‘¶ğŸ¿
ğŸ§’,child kiddo little one youngster childish playtime,ğŸ§’ğŸ»,ğŸ§’ğŸ»,ğŸ§’ğŸ¼,ğŸ§’ğŸ»,ğŸ§’ğŸ¼,ğŸ§’ğŸ½,ğŸ§’ğŸ»,ğŸ§’ğŸ¼,ğŸ§’ğŸ½,ğŸ§’ğŸ¾,ğŸ§’ğŸ»,ğŸ§’ğŸ¼,ğŸ§’ğŸ½,ğŸ§’ğŸ¾,ğŸ§’ğŸ¿
ğŸ‘¦,boy little dude bro young king boyish he,ğŸ‘¦ğŸ»,ğŸ‘¦ğŸ»,ğŸ‘¦ğŸ¼,ğŸ‘¦ğŸ»,ğŸ‘¦ğŸ¼,ğŸ‘¦ğŸ½,ğŸ‘¦ğŸ»,ğŸ‘¦ğŸ¼,ğŸ‘¦ğŸ½,ğŸ‘¦ğŸ¾,ğŸ‘¦ğŸ»,ğŸ‘¦ğŸ¼,ğŸ‘¦ğŸ½,ğŸ‘¦ğŸ¾,ğŸ‘¦ğŸ¿
ğŸ‘§,girl little queen sis girly cutie she,ğŸ‘§ğŸ»,ğŸ‘§ğŸ»,ğŸ‘§ğŸ¼,ğŸ‘§ğŸ»,ğŸ‘§ğŸ¼,ğŸ‘§ğŸ½,ğŸ‘§ğŸ»,ğŸ‘§ğŸ¼,ğŸ‘§ğŸ½,ğŸ‘§ğŸ¾,ğŸ‘§ğŸ»,ğŸ‘§ğŸ¼,ğŸ‘§ğŸ½,ğŸ‘§ğŸ¾,ğŸ‘§ğŸ¿
ğŸ§‘,person person they/them individual human just vibing,ğŸ§‘ğŸ»,ğŸ§‘ğŸ»,ğŸ§‘ğŸ¼,ğŸ§‘ğŸ»,ğŸ§‘ğŸ¼,ğŸ§‘ğŸ½,ğŸ§‘ğŸ»,ğŸ§‘ğŸ¼,ğŸ§‘ğŸ½,ğŸ§‘ğŸ¾,ğŸ§‘ğŸ»,ğŸ§‘ğŸ¼,ğŸ§‘ğŸ½,ğŸ§‘ğŸ¾,ğŸ§‘ğŸ¿
ğŸ‘¨,man man dude bro sir he/him,ğŸ‘¨ğŸ»,ğŸ‘¨ğŸ»,ğŸ‘¨ğŸ¼,ğŸ‘¨ğŸ»,ğŸ‘¨ğŸ¼,ğŸ‘¨ğŸ½,ğŸ‘¨ğŸ»,ğŸ‘¨ğŸ¼,ğŸ‘¨ğŸ½,ğŸ‘¨ğŸ¾,ğŸ‘¨ğŸ»,ğŸ‘¨ğŸ¼,ğŸ‘¨ğŸ½,ğŸ‘¨ğŸ¾,ğŸ‘¨ğŸ¿
ğŸ‘©,woman woman queen sis girlboss she/her,ğŸ‘©ğŸ»,ğŸ‘©ğŸ»,ğŸ‘©ğŸ¼,ğŸ‘©ğŸ»,ğŸ‘©ğŸ¼,ğŸ‘©ğŸ½,ğŸ‘©ğŸ»,ğŸ‘©ğŸ¼,ğŸ‘©ğŸ½,ğŸ‘©ğŸ¾,ğŸ‘©ğŸ»,ğŸ‘©ğŸ¼,ğŸ‘©ğŸ½,ğŸ‘©ğŸ¾,ğŸ‘©ğŸ¿
ğŸ§”,person: beard the grind hustle work mode making that bread career goals,ğŸ§”ğŸ»,ğŸ§”ğŸ»,ğŸ§”ğŸ¼,ğŸ§”ğŸ»,ğŸ§”ğŸ¼,ğŸ§”ğŸ½,ğŸ§”ğŸ»,ğŸ§”ğŸ¼,ğŸ§”ğŸ½,ğŸ§”ğŸ¾,ğŸ§”ğŸ»,ğŸ§”ğŸ¼,ğŸ§”ğŸ½,ğŸ§”ğŸ¾,ğŸ§”ğŸ¿
ğŸ§”â€â™‚ï¸,man: beard the grind hustle work mode making that bread career goals,ğŸ§”ğŸ»â€â™‚ï¸,ğŸ§”ğŸ»â€â™‚ï¸,ğŸ§”ğŸ¼â€â™‚ï¸,ğŸ§”ğŸ»â€â™‚ï¸,ğŸ§”ğŸ¼â€â™‚ï¸,ğŸ§”ğŸ½â€â™‚ï¸,ğŸ§”ğŸ»â€â™‚ï¸,ğŸ§”ğŸ¼â€â™‚ï¸,ğŸ§”ğŸ½â€â™‚ï¸,ğŸ§”ğŸ¾â€â™‚ï¸,ğŸ§”ğŸ»â€â™‚ï¸,ğŸ§”ğŸ¼â€â™‚ï¸,ğŸ§”ğŸ½â€â™‚ï¸,ğŸ§”ğŸ¾â€â™‚ï¸,ğŸ§”ğŸ¿â€â™‚ï¸
ğŸ§”â€â™€ï¸,woman: beard the grind hustle work mode making that bread career goals,ğŸ§”ğŸ»â€â™€ï¸,ğŸ§”ğŸ»â€â™€ï¸,ğŸ§”ğŸ¼â€â™€ï¸,ğŸ§”ğŸ»â€â™€ï¸,ğŸ§”ğŸ¼â€â™€ï¸,ğŸ§”ğŸ½â€â™€ï¸,ğŸ§”ğŸ»â€â™€ï¸,ğŸ§”ğŸ¼â€â™€ï¸,ğŸ§”ğŸ½â€â™€ï¸,ğŸ§”ğŸ¾â€â™€ï¸,ğŸ§”ğŸ»â€â™€ï¸,ğŸ§”ğŸ¼â€â™€ï¸,ğŸ§”ğŸ½â€â™€ï¸,ğŸ§”ğŸ¾â€â™€ï¸,ğŸ§”ğŸ¿â€â™€ï¸
ğŸ§“,older person boomer ok boomer elder old school wise,ğŸ§“ğŸ»,ğŸ§“ğŸ»,ğŸ§“ğŸ¼,ğŸ§“ğŸ»,ğŸ§“ğŸ¼,ğŸ§“ğŸ½,ğŸ§“ğŸ»,ğŸ§“ğŸ¼,ğŸ§“ğŸ½,ğŸ§“ğŸ¾,ğŸ§“ğŸ»,ğŸ§“ğŸ¼,ğŸ§“ğŸ½,ğŸ§“ğŸ¾,ğŸ§“ğŸ¿
ğŸ‘´,old man grandpa old man boomer vibes zaddy old timer,ğŸ‘´ğŸ»,ğŸ‘´ğŸ»,ğŸ‘´ğŸ¼,ğŸ‘´ğŸ»,ğŸ‘´ğŸ¼,ğŸ‘´ğŸ½,ğŸ‘´ğŸ»,ğŸ‘´ğŸ¼,ğŸ‘´ğŸ½,ğŸ‘´ğŸ¾,ğŸ‘´ğŸ»,ğŸ‘´ğŸ¼,ğŸ‘´ğŸ½,ğŸ‘´ğŸ¾,ğŸ‘´ğŸ¿
ğŸ‘µ,old woman grandma nana old lady gilf golden girl,ğŸ‘µğŸ»,ğŸ‘µğŸ»,ğŸ‘µğŸ¼,ğŸ‘µğŸ»,ğŸ‘µğŸ¼,ğŸ‘µğŸ½,ğŸ‘µğŸ»,ğŸ‘µğŸ¼,ğŸ‘µğŸ½,ğŸ‘µğŸ¾,ğŸ‘µğŸ»,ğŸ‘µğŸ¼,ğŸ‘µğŸ½,ğŸ‘µğŸ¾,ğŸ‘µğŸ¿
ğŸ™,person frowning sad vibes bummed disappointed in my feels pain,ğŸ™ğŸ»,ğŸ™ğŸ»,ğŸ™ğŸ¼,ğŸ™ğŸ»,ğŸ™ğŸ¼,ğŸ™ğŸ½,ğŸ™ğŸ»,ğŸ™ğŸ¼,ğŸ™ğŸ½,ğŸ™ğŸ¾,ğŸ™ğŸ»,ğŸ™ğŸ¼,ğŸ™ğŸ½,ğŸ™ğŸ¾,ğŸ™ğŸ¿
ğŸ™â€â™‚ï¸,man frowning sad vibes bummed disappointed in my feels pain,ğŸ™ğŸ»â€â™‚ï¸,ğŸ™ğŸ»â€â™‚ï¸,ğŸ™ğŸ¼â€â™‚ï¸,ğŸ™ğŸ»â€â™‚ï¸,ğŸ™ğŸ¼â€â™‚ï¸,ğŸ™ğŸ½â€â™‚ï¸,ğŸ™ğŸ»â€â™‚ï¸,ğŸ™ğŸ¼â€â™‚ï¸,ğŸ™ğŸ½â€â™‚ï¸,ğŸ™ğŸ¾â€â™‚ï¸,ğŸ™ğŸ»â€â™‚ï¸,ğŸ™ğŸ¼â€â™‚ï¸,ğŸ™ğŸ½â€â™‚ï¸,ğŸ™ğŸ¾â€â™‚ï¸,ğŸ™ğŸ¿â€â™‚ï¸
ğŸ™â€â™€ï¸,woman frowning sad vibes bummed disappointed in my feels pain,ğŸ™ğŸ»â€â™€ï¸,ğŸ™ğŸ»â€â™€ï¸,ğŸ™ğŸ¼â€â™€ï¸,ğŸ™ğŸ»â€â™€ï¸,ğŸ™ğŸ¼â€â™€ï¸,ğŸ™ğŸ½â€â™€ï¸,ğŸ™ğŸ»â€â™€ï¸,ğŸ™ğŸ¼â€â™€ï¸,ğŸ™ğŸ½â€â™€ï¸,ğŸ™ğŸ¾â€â™€ï¸,ğŸ™ğŸ»â€â™€ï¸,ğŸ™ğŸ¼â€â™€ï¸,ğŸ™ğŸ½â€â™€ï¸,ğŸ™ğŸ¾â€â™€ï¸,ğŸ™ğŸ¿â€â™€ï¸
ğŸ™,person pouting salty pouty annoyed mad grumpy,ğŸ™ğŸ»,ğŸ™ğŸ»,ğŸ™ğŸ¼,ğŸ™ğŸ»,ğŸ™ğŸ¼,ğŸ™ğŸ½,ğŸ™ğŸ»,ğŸ™ğŸ¼,ğŸ™ğŸ½,ğŸ™ğŸ¾,ğŸ™ğŸ»,ğŸ™ğŸ¼,ğŸ™ğŸ½,ğŸ™ğŸ¾,ğŸ™ğŸ¿
ğŸ™â€â™‚ï¸,man pouting salty pouty annoyed mad grumpy,ğŸ™ğŸ»â€â™‚ï¸,ğŸ™ğŸ»â€â™‚ï¸,ğŸ™ğŸ¼â€â™‚ï¸,ğŸ™ğŸ»â€â™‚ï¸,ğŸ™ğŸ¼â€â™‚ï¸,ğŸ™ğŸ½â€â™‚ï¸,ğŸ™ğŸ»â€â™‚ï¸,ğŸ™ğŸ¼â€â™‚ï¸,ğŸ™ğŸ½â€â™‚ï¸,ğŸ™ğŸ¾â€â™‚ï¸,ğŸ™ğŸ»â€â™‚ï¸,ğŸ™ğŸ¼â€â™‚ï¸,ğŸ™ğŸ½â€â™‚ï¸,ğŸ™ğŸ¾â€â™‚ï¸,ğŸ™ğŸ¿â€â™‚ï¸
ğŸ™â€â™€ï¸,woman pouting salty pouty annoyed mad grumpy,ğŸ™ğŸ»â€â™€ï¸,ğŸ™ğŸ»â€â™€ï¸,ğŸ™ğŸ¼â€â™€ï¸,ğŸ™ğŸ»â€â™€ï¸,ğŸ™ğŸ¼â€â™€ï¸,ğŸ™ğŸ½â€â™€ï¸,ğŸ™ğŸ»â€â™€ï¸,ğŸ™ğŸ¼â€â™€ï¸,ğŸ™ğŸ½â€â™€ï¸,ğŸ™ğŸ¾â€â™€ï¸,ğŸ™ğŸ»â€â™€ï¸,ğŸ™ğŸ¼â€â™€ï¸,ğŸ™ğŸ½â€â™€ï¸,ğŸ™ğŸ¾â€â™€ï¸,ğŸ™ğŸ¿â€â™€ï¸
ğŸ™…,person gesturing NO hard pass nope ain't happening it's a no denied,ğŸ™…ğŸ»,ğŸ™…ğŸ»,ğŸ™…ğŸ¼,ğŸ™…ğŸ»,ğŸ™…ğŸ¼,ğŸ™…ğŸ½,ğŸ™…ğŸ»,ğŸ™…ğŸ¼,ğŸ™…ğŸ½,ğŸ™…ğŸ¾,ğŸ™…ğŸ»,ğŸ™…ğŸ¼,ğŸ™…ğŸ½,ğŸ™…ğŸ¾,ğŸ™…ğŸ¿
ğŸ™…â€â™‚ï¸,man gesturing NO hard pass nope ain't happening it's a no denied,ğŸ™…ğŸ»â€â™‚ï¸,ğŸ™…ğŸ»â€â™‚ï¸,ğŸ™…ğŸ¼â€â™‚ï¸,ğŸ™…ğŸ»â€â™‚ï¸,ğŸ™…ğŸ¼â€â™‚ï¸,ğŸ™…ğŸ½â€â™‚ï¸,ğŸ™…ğŸ»â€â™‚ï¸,ğŸ™…ğŸ¼â€â™‚ï¸,ğŸ™…ğŸ½â€â™‚ï¸,ğŸ™…ğŸ¾â€â™‚ï¸,ğŸ™…ğŸ»â€â™‚ï¸,ğŸ™…ğŸ¼â€â™‚ï¸,ğŸ™…ğŸ½â€â™‚ï¸,ğŸ™…ğŸ¾â€â™‚ï¸,ğŸ™…ğŸ¿â€â™‚ï¸
ğŸ™…â€â™€ï¸,woman gesturing NO hard pass nope ain't happening it's a no denied,ğŸ™…ğŸ»â€â™€ï¸,ğŸ™…ğŸ»â€â™€ï¸,ğŸ™…ğŸ¼â€â™€ï¸,ğŸ™…ğŸ»â€â™€ï¸,ğŸ™…ğŸ¼â€â™€ï¸,ğŸ™…ğŸ½â€â™€ï¸,ğŸ™…ğŸ»â€â™€ï¸,ğŸ™…ğŸ¼â€â™€ï¸,ğŸ™…ğŸ½â€â™€ï¸,ğŸ™…ğŸ¾â€â™€ï¸,ğŸ™…ğŸ»â€â™€ï¸,ğŸ™…ğŸ¼â€â™€ï¸,ğŸ™…ğŸ½â€â™€ï¸,ğŸ™…ğŸ¾â€â™€ï¸,ğŸ™…ğŸ¿â€â™€ï¸
ğŸ™†,person gesturing OK yass bet for sure sounds good let's do it,ğŸ™†ğŸ»,ğŸ™†ğŸ»,ğŸ™†ğŸ¼,ğŸ™†ğŸ»,ğŸ™†ğŸ¼,ğŸ™†ğŸ½,ğŸ™†ğŸ»,ğŸ™†ğŸ¼,ğŸ™†ğŸ½,ğŸ™†ğŸ¾,ğŸ™†ğŸ»,ğŸ™†ğŸ¼,ğŸ™†ğŸ½,ğŸ™†ğŸ¾,ğŸ™†ğŸ¿
ğŸ™†â€â™‚ï¸,man gesturing OK yass bet for sure sounds good let's do it,ğŸ™†ğŸ»â€â™‚ï¸,ğŸ™†ğŸ»â€â™‚ï¸,ğŸ™†ğŸ¼â€â™‚ï¸,ğŸ™†ğŸ»â€â™‚ï¸,ğŸ™†ğŸ¼â€â™‚ï¸,ğŸ™†ğŸ½â€â™‚ï¸,ğŸ™†ğŸ»â€â™‚ï¸,ğŸ™†ğŸ¼â€â™‚ï¸,ğŸ™†ğŸ½â€â™‚ï¸,ğŸ™†ğŸ¾â€â™‚ï¸,ğŸ™†ğŸ»â€â™‚ï¸,ğŸ™†ğŸ¼â€â™‚ï¸,ğŸ™†ğŸ½â€â™‚ï¸,ğŸ™†ğŸ¾â€â™‚ï¸,ğŸ™†ğŸ¿â€â™‚ï¸
ğŸ™†â€â™€ï¸,woman gesturing OK yass bet for sure sounds good let's do it,ğŸ™†ğŸ»â€â™€ï¸,ğŸ™†ğŸ»â€â™€ï¸,ğŸ™†ğŸ¼â€â™€ï¸,ğŸ™†ğŸ»â€â™€ï¸,ğŸ™†ğŸ¼â€â™€ï¸,ğŸ™†ğŸ½â€â™€ï¸,ğŸ™†ğŸ»â€â™€ï¸,ğŸ™†ğŸ¼â€â™€ï¸,ğŸ™†ğŸ½â€â™€ï¸,ğŸ™†ğŸ¾â€â™€ï¸,ğŸ™†ğŸ»â€â™€ï¸,ğŸ™†ğŸ¼â€â™€ï¸,ğŸ™†ğŸ½â€â™€ï¸,ğŸ™†ğŸ¾â€â™€ï¸,ğŸ™†ğŸ¿â€â™€ï¸
ğŸ’,person tipping hand sassy obviously duh as if serving looks,ğŸ’ğŸ»,ğŸ’ğŸ»,ğŸ’ğŸ¼,ğŸ’ğŸ»,ğŸ’ğŸ¼,ğŸ’ğŸ½,ğŸ’ğŸ»,ğŸ’ğŸ¼,ğŸ’ğŸ½,ğŸ’ğŸ¾,ğŸ’ğŸ»,ğŸ’ğŸ¼,ğŸ’ğŸ½,ğŸ’ğŸ¾,ğŸ’ğŸ¿
ğŸ’â€â™‚ï¸,man tipping hand sassy obviously duh as if serving looks,ğŸ’ğŸ»â€â™‚ï¸,ğŸ’ğŸ»â€â™‚ï¸,ğŸ’ğŸ¼â€â™‚ï¸,ğŸ’ğŸ»â€â™‚ï¸,ğŸ’ğŸ¼â€â™‚ï¸,ğŸ™ğŸ½â€â™‚ï¸,ğŸ™ğŸ»â€â™‚ï¸,ğŸ™ğŸ¼â€â™‚ï¸,ğŸ™ğŸ½â€â™‚ï¸,ğŸ™ğŸ¾â€â™‚ï¸,ğŸ™ğŸ»â€â™‚ï¸,ğŸ™ğŸ¼â€â™‚ï¸,ğŸ™ğŸ½â€â™‚ï¸,ğŸ™ğŸ¾â€â™‚ï¸,ğŸ™ğŸ¿â€â™‚ï¸
ğŸ’â€â™€ï¸,woman tipping hand sassy obviously duh as if serving looks,ğŸ’ğŸ»â€â™€ï¸,ğŸ’ğŸ»â€â™€ï¸,ğŸ’ğŸ¼â€â™€ï¸,ğŸ’ğŸ»â€â™€ï¸,ğŸ’ğŸ¼â€â™€ï¸,ğŸ’ğŸ½â€â™€ï¸,ğŸ’ğŸ»â€â™€ï¸,ğŸ’ğŸ¼â€â™€ï¸,ğŸ’ğŸ½â€â™€ï¸,ğŸ’ğŸ¾â€â™€ï¸,ğŸ’ğŸ»â€â™€ï¸,ğŸ’ğŸ¼â€â™€ï¸,ğŸ’ğŸ½â€â™€ï¸,ğŸ’ğŸ¾â€â™€ï¸,ğŸ’ğŸ¿â€â™€ï¸
ğŸ™‹,person raising hand pick me i have a question here present me me me,ğŸ™‹ğŸ»,ğŸ™‹ğŸ»,ğŸ™‹ğŸ¼,ğŸ™‹ğŸ»,ğŸ™‹ğŸ¼,ğŸ™‹ğŸ½,ğŸ™‹ğŸ»,ğŸ™‹ğŸ¼,ğŸ™‹ğŸ½,ğŸ™‹ğŸ¾,ğŸ™‹ğŸ»,ğŸ™‹ğŸ¼,ğŸ™‹ğŸ½,ğŸ™‹ğŸ¾,ğŸ™‹ğŸ¿
ğŸ™‹â€â™‚ï¸,man raising hand pick me i have a question here present me me me,ğŸ™‹ğŸ»â€â™‚ï¸,ğŸ™‹ğŸ»â€â™‚ï¸,ğŸ™‹ğŸ¼â€â™‚ï¸,ğŸ™‹ğŸ»â€â™‚ï¸,ğŸ™‹ğŸ¼â€â™‚ï¸,ğŸ™‹ğŸ½â€â™‚ï¸,ğŸ™‹ğŸ»â€â™‚ï¸,ğŸ™‹ğŸ¼â€â™‚ï¸,ğŸ™‹ğŸ½â€â™‚ï¸,ğŸ™‹ğŸ¾â€â™‚ï¸,ğŸ™‹ğŸ»â€â™‚ï¸,ğŸ™‹ğŸ¼â€â™‚ï¸,ğŸ™‹ğŸ½â€â™‚ï¸,ğŸ™‹ğŸ¾â€â™‚ï¸,ğŸ™‹ğŸ¿â€â™‚ï¸
ğŸ™‹â€â™€ï¸,woman raising hand pick me i have a question here present me me me,ğŸ™‹ğŸ»â€â™€ï¸,ğŸ™‹ğŸ»â€â™€ï¸,ğŸ™‹ğŸ¼â€â™€ï¸,ğŸ™‹ğŸ»â€â™€ï¸,ğŸ™‹ğŸ¼â€â™€ï¸,ğŸ™‹ğŸ½â€â™€ï¸,ğŸ™‹ğŸ»â€â™€ï¸,ğŸ™‹ğŸ¼â€â™€ï¸,ğŸ™‹ğŸ½â€â™€ï¸,ğŸ™‹ğŸ¾â€â™€ï¸,ğŸ™‹ğŸ»â€â™€ï¸,ğŸ™‹ğŸ¼â€â™€ï¸,ğŸ™‹ğŸ½â€â™€ï¸,ğŸ™‹ğŸ¾â€â™€ï¸,ğŸ™‹ğŸ¿â€â™€ï¸
ğŸ§,deaf person deaf can't hear you what? sign language accessibility,ğŸ§ğŸ»,ğŸ§ğŸ»,ğŸ§ğŸ¼,ğŸ§ğŸ»,ğŸ§ğŸ¼,ğŸ§ğŸ½,ğŸ§ğŸ»,ğŸ§ğŸ¼,ğŸ§ğŸ½,ğŸ§ğŸ¾,ğŸ§ğŸ»,ğŸ§ğŸ¼,ğŸ§ğŸ½,ğŸ§ğŸ¾,ğŸ§ğŸ¿
ğŸ§â€â™‚ï¸,deaf man deaf can't hear you what? sign language accessibility,ğŸ§ğŸ»â€â™‚ï¸,ğŸ§ğŸ»â€â™‚ï¸,ğŸ§ğŸ¼â€â™‚ï¸,ğŸ§ğŸ»â€â™‚ï¸,ğŸ§ğŸ¼â€â™‚ï¸,ğŸ§ğŸ½â€â™‚ï¸,ğŸ§ğŸ»â€â™‚ï¸,ğŸ§ğŸ¼â€â™‚ï¸,ğŸ§ğŸ½â€â™‚ï¸,ğŸ§ğŸ¾â€â™‚ï¸,ğŸ§ğŸ»â€â™‚ï¸,ğŸ§ğŸ¼â€â™‚ï¸,ğŸ§ğŸ½â€â™‚ï¸,ğŸ§ğŸ¾â€â™‚ï¸,ğŸ§ğŸ¿â€â™‚ï¸
ğŸ§â€â™€ï¸,deaf woman deaf can't hear you what? sign language accessibility,ğŸ§ğŸ»â€â™€ï¸,ğŸ§ğŸ»â€â™€ï¸,ğŸ§ğŸ¼â€â™€ï¸,ğŸ§ğŸ»â€â™€ï¸,ğŸ§ğŸ¼â€â™€ï¸,ğŸ§ğŸ½â€â™€ï¸,ğŸ§ğŸ»â€â™€ï¸,ğŸ§ğŸ¼â€â™€ï¸,ğŸ§ğŸ½â€â™€ï¸,ğŸ§ğŸ¾â€â™€ï¸,ğŸ§ğŸ»â€â™€ï¸,ğŸ§ğŸ¼â€â™€ï¸,ğŸ§ğŸ½â€â™€ï¸,ğŸ§ğŸ¾â€â™€ï¸,ğŸ§ğŸ¿â€â™€ï¸
ğŸ™‡,person bowing respect thank you sorry bowing down we're not worthy,ğŸ™‡ğŸ»,ğŸ™‡ğŸ»,ğŸ™‡ğŸ¼,ğŸ™‡ğŸ»,ğŸ™‡ğŸ¼,ğŸ™‡ğŸ½,ğŸ™‡ğŸ»,ğŸ™‡ğŸ¼,ğŸ™‡ğŸ½,ğŸ™‡ğŸ¾,ğŸ™‡ğŸ»,ğŸ™‡ğŸ¼,ğŸ™‡ğŸ½,ğŸ™‡ğŸ¾,ğŸ™‡ğŸ¿
ğŸ™‡â€â™‚ï¸,man bowing respect thank you sorry bowing down we're not worthy,ğŸ™‡ğŸ»â€â™‚ï¸,ğŸ™‡ğŸ»â€â™‚ï¸,ğŸ™‡ğŸ¼â€â™‚ï¸,ğŸ™‡ğŸ»â€â™‚ï¸,ğŸ™‡ğŸ¼â€â™‚ï¸,ğŸ™‡ğŸ½â€â™‚ï¸,ğŸ™‡ğŸ»â€â™‚ï¸,ğŸ™‡ğŸ¼â€â™‚ï¸,ğŸ™‡ğŸ½â€â™‚ï¸,ğŸ™‡ğŸ¾â€â™‚ï¸,ğŸ™‡ğŸ»â€â™‚ï¸,ğŸ™‡ğŸ¼â€â™‚ï¸,ğŸ™‡ğŸ½â€â™‚ï¸,ğŸ™‡ğŸ¾â€â™‚ï¸,ğŸ™‡ğŸ¿â€â™‚ï¸
ğŸ™‡â€â™€ï¸,woman bowing respect thank you sorry bowing down we're not worthy,ğŸ™‡ğŸ»â€â™€ï¸,ğŸ™‡ğŸ»â€â™€ï¸,ğŸ™‡ğŸ¼â€â™€ï¸,ğŸ™‡ğŸ»â€â™€ï¸,ğŸ™‡ğŸ¼â€â™€ï¸,ğŸ™‡ğŸ½â€â™€ï¸,ğŸ™‡ğŸ»â€â™€ï¸,ğŸ™‡ğŸ¼â€â™€ï¸,ğŸ™‡ğŸ½â€â™€ï¸,ğŸ™‡ğŸ¾â€â™€ï¸,ğŸ™‡ğŸ»â€â™€ï¸,ğŸ™‡ğŸ¼â€â™€ï¸,ğŸ™‡ğŸ½â€â™€ï¸,ğŸ™‡ğŸ¾â€â™€ï¸,ğŸ™‡ğŸ¿â€â™€ï¸
ğŸ¤¦,person facepalming facepalm smh bruh moment i can't disappointed,ğŸ¤¦ğŸ»,ğŸ¤¦ğŸ»,ğŸ¤¦ğŸ¼,ğŸ¤¦ğŸ»,ğŸ¤¦ğŸ¼,ğŸ¤¦ğŸ½,ğŸ¤¦ğŸ»,ğŸ¤¦ğŸ¼,ğŸ¤¦ğŸ½,ğŸ¤¦ğŸ¾,ğŸ¤¦ğŸ»,ğŸ¤¦ğŸ¼,ğŸ¤¦ğŸ½,ğŸ¤¦ğŸ¾,ğŸ¤¦ğŸ¿
ğŸ¤¦â€â™‚ï¸,man facepalming facepalm smh bruh moment i can't disappointed,ğŸ¤¦ğŸ»â€â™‚ï¸,ğŸ¤¦ğŸ»â€â™‚ï¸,ğŸ¤¦ğŸ¼â€â™‚ï¸,ğŸ¤¦ğŸ»â€â™‚ï¸,ğŸ¤¦ğŸ¼â€â™‚ï¸,ğŸ¤¦ğŸ½â€â™‚ï¸,ğŸ¤¦ğŸ»â€â™‚ï¸,ğŸ¤¦ğŸ¼â€â™‚ï¸,ğŸ¤¦ğŸ½â€â™‚ï¸,ğŸ¤¦ğŸ¾â€â™‚ï¸,ğŸ¤¦ğŸ»â€â™‚ï¸,ğŸ¤¦ğŸ¼â€â™‚ï¸,ğŸ¤¦ğŸ½â€â™‚ï¸,ğŸ¤¦ğŸ¾â€â™‚ï¸,ğŸ¤¦ğŸ¿â€â™‚ï¸
ğŸ¤¦â€â™€ï¸,woman facepalming facepalm smh bruh moment i can't disappointed,ğŸ¤¦ğŸ»â€â™€ï¸,ğŸ¤¦ğŸ»â€â™€ï¸,ğŸ¤¦ğŸ¼â€â™€ï¸,ğŸ¤¦ğŸ»â€â™€ï¸,ğŸ¤¦ğŸ¼â€â™€ï¸,ğŸ¤¦ğŸ½â€â™€ï¸,ğŸ¤¦ğŸ»â€â™€ï¸,ğŸ¤¦ğŸ¼â€â™€ï¸,ğŸ¤¦ğŸ½â€â™€ï¸,ğŸ¤¦ğŸ¾â€â™€ï¸,ğŸ¤¦ğŸ»â€â™€ï¸,ğŸ¤¦ğŸ¼â€â™€ï¸,ğŸ¤¦ğŸ½â€â™€ï¸,ğŸ¤¦ğŸ¾â€â™€ï¸,ğŸ¤¦ğŸ¿â€â™€ï¸
ğŸ¤·,person shrugging idk it is what it is shrug beats me oh well,ğŸ¤·ğŸ»,ğŸ¤·ğŸ»,ğŸ¤·ğŸ¼,ğŸ¤·ğŸ»,ğŸ¤·ğŸ¼,ğŸ¤·ğŸ½,ğŸ¤·ğŸ»,ğŸ¤·ğŸ¼,ğŸ¤·ğŸ½,ğŸ¤·ğŸ¾,ğŸ¤·ğŸ»,ğŸ¤·ğŸ¼,ğŸ¤·ğŸ½,ğŸ¤·ğŸ¾,ğŸ¤·ğŸ¿
ğŸ¤·â€â™‚ï¸,man shrugging idk it is what it is shrug beats me oh well,ğŸ¤·ğŸ»â€â™‚ï¸,ğŸ¤·ğŸ»â€â™‚ï¸,ğŸ¤·ğŸ¼â€â™‚ï¸,ğŸ¤·ğŸ»â€â™‚ï¸,ğŸ¤·ğŸ¼â€â™‚ï¸,ğŸ¤·ğŸ½â€â™‚ï¸,ğŸ¤·ğŸ»â€â™‚ï¸,ğŸ¤·ğŸ¼â€â™‚ï¸,ğŸ¤·ğŸ½â€â™‚ï¸,ğŸ¤·ğŸ¾â€â™‚ï¸,ğŸ¤·ğŸ»â€â™‚ï¸,ğŸ¤·ğŸ¼â€â™‚ï¸,ğŸ¤·ğŸ½â€â™‚ï¸,ğŸ¤·ğŸ¾â€â™‚ï¸,ğŸ¤·ğŸ¿â€â™‚ï¸
ğŸ¤·â€â™€ï¸,woman shrugging idk it is what it is shrug beats me oh well,ğŸ¤·ğŸ»â€â™€ï¸,ğŸ¤·ğŸ»â€â™€ï¸,ğŸ¤·ğŸ¼â€â™€ï¸,ğŸ¤·ğŸ»â€â™€ï¸,ğŸ¤·ğŸ¼â€â™€ï¸,ğŸ¤·ğŸ½â€â™€ï¸,ğŸ¤·ğŸ»â€â™€ï¸,ğŸ¤·ğŸ¼â€â™€ï¸,ğŸ¤·ğŸ½â€â™€ï¸,ğŸ¤·ğŸ¾â€â™€ï¸,ğŸ¤·ğŸ»â€â™€ï¸,ğŸ¤·ğŸ¼â€â™€ï¸,ğŸ¤·ğŸ½â€â™€ï¸,ğŸ¤·ğŸ¾â€â™€ï¸,ğŸ¤·ğŸ¿â€â™€ï¸
ğŸ§‘â€âš•ï¸,health worker the grind hustle work mode making that bread career goals,ğŸ§‘ğŸ»â€âš•ï¸,ğŸ§‘ğŸ»â€âš•ï¸,ğŸ§‘ğŸ¼â€âš•ï¸,ğŸ§‘ğŸ»â€âš•ï¸,ğŸ§‘ğŸ¼â€âš•ï¸,ğŸ§‘ğŸ½â€âš•ï¸,ğŸ§‘ğŸ»â€âš•ï¸,ğŸ§‘ğŸ¼â€âš•ï¸,ğŸ§‘ğŸ½â€âš•ï¸,ğŸ§‘ğŸ¾â€âš•ï¸,ğŸ§‘ğŸ»â€âš•ï¸,ğŸ§‘ğŸ¼â€âš•ï¸,ğŸ§‘ğŸ½â€âš•ï¸,ğŸ§‘ğŸ¾â€âš•ï¸,ğŸ§‘ğŸ¿â€âš•ï¸
ğŸ‘¨â€âš•ï¸,man health worker the grind hustle work mode making that bread career goals,ğŸ‘¨ğŸ»â€âš•ï¸,ğŸ‘¨ğŸ»â€âš•ï¸,ğŸ‘¨ğŸ¼â€âš•ï¸,ğŸ‘¨ğŸ»â€âš•ï¸,ğŸ‘¨ğŸ¼â€âš•ï¸,ğŸ‘¨ğŸ½â€âš•ï¸,ğŸ‘¨ğŸ»â€âš•ï¸,ğŸ‘¨ğŸ¼â€âš•ï¸,ğŸ‘¨ğŸ½â€âš•ï¸,ğŸ‘¨ğŸ¾â€âš•ï¸,ğŸ‘¨ğŸ»â€âš•ï¸,ğŸ‘¨ğŸ¼â€âš•ï¸,ğŸ‘¨ğŸ½â€âš•ï¸,ğŸ‘¨ğŸ¾â€âš•ï¸,ğŸ‘¨ğŸ¿â€âš•ï¸
ğŸ‘©â€âš•ï¸,woman health worker the grind hustle work mode making that bread career goals,ğŸ‘©ğŸ»â€âš•ï¸,ğŸ‘©ğŸ»â€âš•ï¸,ğŸ‘©ğŸ¼â€âš•ï¸,ğŸ‘©ğŸ»â€âš•ï¸,ğŸ‘©ğŸ¼â€âš•ï¸,ğŸ‘©ğŸ½â€âš•ï¸,ğŸ‘©ğŸ»â€âš•ï¸,ğŸ‘©ğŸ¼â€âš•ï¸,ğŸ‘©ğŸ½â€âš•ï¸,ğŸ‘©ğŸ¾â€âš•ï¸,ğŸ‘©ğŸ»â€âš•ï¸,ğŸ‘©ğŸ¼â€âš•ï¸,ğŸ‘©ğŸ½â€âš•ï¸,ğŸ‘©ğŸ¾â€âš•ï¸,ğŸ‘©ğŸ¿â€âš•ï¸
ğŸ§‘â€ğŸ“,student student life graduation class of 2025 big brain time finals,ğŸ§‘ğŸ»â€ğŸ“,ğŸ§‘ğŸ»â€ğŸ“,ğŸ§‘ğŸ¼â€ğŸ“,ğŸ§‘ğŸ»â€ğŸ“,ğŸ§‘ğŸ¼â€ğŸ“,ğŸ§‘ğŸ½â€ğŸ“,ğŸ§‘ğŸ»â€ğŸ“,ğŸ§‘ğŸ¼â€ğŸ“,ğŸ§‘ğŸ½â€ğŸ“,ğŸ§‘ğŸ¾â€ğŸ“,ğŸ§‘ğŸ»â€ğŸ“,ğŸ§‘ğŸ¼â€ğŸ“,ğŸ§‘ğŸ½â€ğŸ“,ğŸ§‘ğŸ¾â€ğŸ“,ğŸ§‘ğŸ¿â€ğŸ“
ğŸ‘¨â€ğŸ“,man student student life graduation class of 2025 big brain time finals,ğŸ‘¨ğŸ»â€ğŸ“,ğŸ‘¨ğŸ»â€ğŸ“,ğŸ‘¨ğŸ¼â€ğŸ“,ğŸ‘¨ğŸ»â€ğŸ“,ğŸ‘¨ğŸ¼â€ğŸ“,ğŸ‘¨ğŸ½â€ğŸ“,ğŸ‘¨ğŸ»â€ğŸ“,ğŸ‘¨ğŸ¼â€ğŸ“,ğŸ‘¨ğŸ½â€ğŸ“,ğŸ‘¨ğŸ¾â€ğŸ“,ğŸ‘¨ğŸ»â€ğŸ“,ğŸ‘¨ğŸ¼â€ğŸ“,ğŸ‘¨ğŸ½â€ğŸ“,ğŸ‘¨ğŸ¾â€ğŸ“,ğŸ‘¨ğŸ¿â€ğŸ“
ğŸ‘©â€ğŸ“,woman student student life graduation class of 2025 big brain time finals,ğŸ‘©ğŸ»â€ğŸ“,ğŸ‘©ğŸ»â€ğŸ“,ğŸ‘©ğŸ¼â€ğŸ“,ğŸ‘©ğŸ»â€ğŸ“,ğŸ‘©ğŸ¼â€ğŸ“,ğŸ‘©ğŸ½â€ğŸ“,ğŸ‘©ğŸ»â€ğŸ“,ğŸ‘©ğŸ¼â€ğŸ“,ğŸ‘©ğŸ½â€ğŸ“,ğŸ‘©ğŸ¾â€ğŸ“,ğŸ‘©ğŸ»â€ğŸ“,ğŸ‘©ğŸ¼â€ğŸ“,ğŸ‘©ğŸ½â€ğŸ“,ğŸ‘©ğŸ¾â€ğŸ“,ğŸ‘©ğŸ¿â€ğŸ“
ğŸ§‘â€ğŸ«,teacher school teach professor know it all assignment due,ğŸ§‘ğŸ»â€ğŸ«,ğŸ§‘ğŸ»â€ğŸ«,ğŸ§‘ğŸ¼â€ğŸ«,ğŸ§‘ğŸ»â€ğŸ«,ğŸ§‘ğŸ¼â€ğŸ«,ğŸ§‘ğŸ½â€ğŸ«,ğŸ§‘ğŸ»â€ğŸ«,ğŸ§‘ğŸ¼â€ğŸ«,ğŸ§‘ğŸ½â€ğŸ«,ğŸ§‘ğŸ¾â€ğŸ«,ğŸ§‘ğŸ»â€ğŸ«,ğŸ§‘ğŸ¼â€ğŸ«,ğŸ§‘ğŸ½â€ğŸ«,ğŸ§‘ğŸ¾â€ğŸ«,ğŸ§‘ğŸ¿â€ğŸ«
ğŸ‘¨â€ğŸ«,man teacher school teach professor know it all assignment due,ğŸ‘¨ğŸ»â€ğŸ«,ğŸ‘¨ğŸ»â€ğŸ«,ğŸ‘¨ğŸ¼â€ğŸ«,ğŸ‘¨ğŸ»â€ğŸ«,ğŸ‘¨ğŸ¼â€ğŸ«,ğŸ‘¨ğŸ½â€ğŸ«,ğŸ‘¨ğŸ»â€ğŸ«,ğŸ‘¨ğŸ¼â€ğŸ«,ğŸ‘¨ğŸ½â€ğŸ«,ğŸ‘¨ğŸ¾â€ğŸ«,ğŸ‘¨ğŸ»â€ğŸ«,ğŸ‘¨ğŸ¼â€ğŸ«,ğŸ‘¨ğŸ½â€ğŸ«,ğŸ‘¨ğŸ¾â€ğŸ«,ğŸ‘¨ğŸ¿â€ğŸ«
ğŸ‘©â€ğŸ«,woman teacher school teach professor know it all assignment due,ğŸ‘©ğŸ»â€ğŸ«,ğŸ‘©ğŸ»â€ğŸ«,ğŸ‘©ğŸ¼â€ğŸ«,ğŸ‘©ğŸ»â€ğŸ«,ğŸ‘©ğŸ¼â€ğŸ«,ğŸ‘©ğŸ½â€ğŸ«,ğŸ‘©ğŸ»â€ğŸ«,ğŸ‘©ğŸ¼â€ğŸ«,ğŸ‘©ğŸ½â€ğŸ«,ğŸ‘©ğŸ¾â€ğŸ«,ğŸ‘©ğŸ»â€ğŸ«,ğŸ‘©ğŸ¼â€ğŸ«,ğŸ‘©ğŸ½â€ğŸ«,ğŸ‘©ğŸ¾â€ğŸ«,ğŸ‘©ğŸ¿â€ğŸ«
ğŸ§‘â€âš–ï¸,judge judge judy order in the court law and order guilty judging you,ğŸ§‘ğŸ»â€âš–ï¸,ğŸ§‘ğŸ»â€âš–ï¸,ğŸ§‘ğŸ¼â€âš–ï¸,ğŸ§‘ğŸ»â€âš–ï¸,ğŸ§‘ğŸ¼â€âš–ï¸,ğŸ§‘ğŸ½â€âš–ï¸,ğŸ§‘ğŸ»â€âš–ï¸,ğŸ§‘ğŸ¼â€âš–ï¸,ğŸ§‘ğŸ½â€âš–ï¸,ğŸ§‘ğŸ¾â€âš–ï¸,ğŸ§‘ğŸ»â€âš–ï¸,ğŸ§‘ğŸ¼â€âš–ï¸,ğŸ§‘ğŸ½â€âš–ï¸,ğŸ§‘ğŸ¾â€âš–ï¸,ğŸ§‘ğŸ¿â€âš–ï¸
ğŸ‘¨â€âš–ï¸,man judge judge judy order in the court law and order guilty judging you,ğŸ‘¨ğŸ»â€âš–ï¸,ğŸ‘¨ğŸ»â€âš–ï¸,ğŸ‘¨ğŸ¼â€âš–ï¸,ğŸ‘¨ğŸ»â€âš–ï¸,ğŸ‘¨ğŸ¼â€âš–ï¸,ğŸ‘¨ğŸ½â€âš–ï¸,ğŸ‘¨ğŸ»â€âš–ï¸,ğŸ‘¨ğŸ¼â€âš–ï¸,ğŸ‘¨ğŸ½â€âš–ï¸,ğŸ‘¨ğŸ¾â€âš–ï¸,ğŸ‘¨ğŸ»â€âš–ï¸,ğŸ‘¨ğŸ¼â€âš–ï¸,ğŸ‘¨ğŸ½â€âš–ï¸,ğŸ‘¨ğŸ¾â€âš–ï¸,ğŸ‘¨ğŸ¿â€âš–ï¸
ğŸ‘©â€âš–ï¸,woman judge judge judy order in the court law and order guilty judging you,ğŸ‘©ğŸ»â€âš–ï¸,ğŸ‘©ğŸ»â€âš–ï¸,ğŸ‘©ğŸ¼â€âš–ï¸,ğŸ‘©ğŸ»â€âš–ï¸,ğŸ‘©ğŸ¼â€âš–ï¸,ğŸ‘©ğŸ½â€âš–ï¸,ğŸ‘©ğŸ»â€âš–ï¸,ğŸ‘©ğŸ¼â€âš–ï¸,ğŸ‘©ğŸ½â€âš–ï¸,ğŸ‘©ğŸ¾â€âš–ï¸,ğŸ‘©ğŸ»â€âš–ï¸,ğŸ‘©ğŸ¼â€âš–ï¸,ğŸ‘©ğŸ½â€âš–ï¸,ğŸ‘©ğŸ¾â€âš–ï¸,ğŸ‘©ğŸ¿â€âš–ï¸
ğŸ§‘â€ğŸŒ¾,farmer farm life cottagecore yeehaw country vibes it ain't much but it's honest work,ğŸ§‘ğŸ»â€ğŸŒ¾,ğŸ§‘ğŸ»â€ğŸŒ¾,ğŸ§‘ğŸ¼â€ğŸŒ¾,ğŸ§‘ğŸ»â€ğŸŒ¾,ğŸ§‘ğŸ¼â€ğŸŒ¾,ğŸ§‘ğŸ½â€ğŸŒ¾,ğŸ§‘ğŸ»â€ğŸŒ¾,ğŸ§‘ğŸ¼â€ğŸŒ¾,ğŸ§‘ğŸ½â€ğŸŒ¾,ğŸ§‘ğŸ¾â€ğŸŒ¾,ğŸ§‘ğŸ»â€ğŸŒ¾,ğŸ§‘ğŸ¼â€ğŸŒ¾,ğŸ§‘ğŸ½â€ğŸŒ¾,ğŸ§‘ğŸ¾â€ğŸŒ¾,ğŸ§‘ğŸ¿â€ğŸŒ¾
ğŸ‘¨â€ğŸŒ¾,man farmer farm life cottagecore yeehaw country vibes it ain't much but it's honest work,ğŸ‘¨ğŸ»â€ğŸŒ¾,ğŸ‘¨ğŸ»â€ğŸŒ¾,ğŸ‘¨ğŸ¼â€ğŸŒ¾,ğŸ‘¨ğŸ»â€ğŸŒ¾,ğŸ‘¨ğŸ¼â€ğŸŒ¾,ğŸ‘¨ğŸ½â€ğŸŒ¾,ğŸ‘¨ğŸ»â€ğŸŒ¾,ğŸ‘¨ğŸ¼â€ğŸŒ¾,ğŸ‘¨ğŸ½â€ğŸŒ¾,ğŸ‘¨ğŸ¾â€ğŸŒ¾,ğŸ‘¨ğŸ»â€ğŸŒ¾,ğŸ‘¨ğŸ¼â€ğŸŒ¾,ğŸ‘¨ğŸ½â€ğŸŒ¾,ğŸ‘¨ğŸ¾â€ğŸŒ¾,ğŸ‘¨ğŸ¿â€ğŸŒ¾
ğŸ‘©â€ğŸŒ¾,woman farmer farm life cottagecore yeehaw country vibes it ain't much but it's honest work,ğŸ‘©ğŸ»â€ğŸŒ¾,ğŸ‘©ğŸ»â€ğŸŒ¾,ğŸ‘©ğŸ¼â€ğŸŒ¾,ğŸ‘©ğŸ»â€ğŸŒ¾,ğŸ‘©ğŸ¼â€ğŸŒ¾,ğŸ‘©ğŸ½â€ğŸŒ¾,ğŸ‘©ğŸ»â€ğŸŒ¾,ğŸ‘©ğŸ¼â€ğŸŒ¾,ğŸ‘©ğŸ½â€ğŸ½â€ğŸŒ¾,ğŸ‘©ğŸ¾â€ğŸŒ¾,ğŸ‘©ğŸ»â€ğŸŒ¾,ğŸ‘©ğŸ¼â€ğŸŒ¾,ğŸ‘©ğŸ½â€ğŸŒ¾,ğŸ‘©ğŸ¾â€ğŸŒ¾,ğŸ‘©ğŸ¿â€ğŸŒ¾
ğŸ§‘â€ğŸ³,cook let him cook chef's kiss bussin' foodie masterchef,ğŸ§‘ğŸ»â€ğŸ³,ğŸ§‘ğŸ»â€ğŸ³,ğŸ§‘ğŸ¼â€ğŸ³,ğŸ§‘ğŸ»â€ğŸ³,ğŸ§‘ğŸ¼â€ğŸ³,ğŸ§‘ğŸ½â€ğŸ³,ğŸ§‘ğŸ»â€ğŸ³,ğŸ§‘ğŸ¼â€ğŸ³,ğŸ§‘ğŸ½â€ğŸ³,ğŸ§‘ğŸ¾â€ğŸ³,ğŸ§‘ğŸ»â€ğŸ³,ğŸ§‘ğŸ¼â€ğŸ³,ğŸ§‘ğŸ½â€ğŸ³,ğŸ§‘ğŸ¾â€ğŸ³,ğŸ§‘ğŸ¿â€ğŸ³
ğŸ‘¨â€ğŸ³,man cook let him cook chef's kiss bussin' foodie masterchef,ğŸ‘¨ğŸ»â€ğŸ³,ğŸ‘¨ğŸ»â€ğŸ³,ğŸ‘¨ğŸ¼â€ğŸ³,ğŸ‘¨ğŸ»â€ğŸ³,ğŸ‘¨ğŸ¼â€ğŸ³,ğŸ‘¨ğŸ½â€ğŸ³,ğŸ‘¨ğŸ»â€ğŸ³,ğŸ‘¨ğŸ¼â€ğŸ³,ğŸ‘¨ğŸ½â€ğŸ³,ğŸ‘¨ğŸ¾â€ğŸ³,ğŸ‘¨ğŸ»â€ğŸ³,ğŸ‘¨ğŸ¼â€ğŸ³,ğŸ‘¨ğŸ½â€ğŸ³,ğŸ‘¨ğŸ¾â€ğŸ³,ğŸ‘¨ğŸ¿â€ğŸ³
ğŸ‘©â€ğŸ³,woman cook let her cook chef's kiss bussin' foodie masterchef,ğŸ‘©ğŸ»â€ğŸ³,ğŸ‘©ğŸ»â€ğŸ³,ğŸ‘©ğŸ¼â€ğŸ³,ğŸ‘©ğŸ»â€ğŸ³,ğŸ‘©ğŸ¼â€ğŸ³,ğŸ‘©ğŸ½â€ğŸ³,ğŸ‘©ğŸ»â€ğŸ³,ğŸ‘©ğŸ¼â€ğŸ³,ğŸ‘©ğŸ½â€ğŸ³,ğŸ‘©ğŸ¾â€ğŸ³,ğŸ‘©ğŸ»â€ğŸ³,ğŸ‘©ğŸ¼â€ğŸ³,ğŸ‘©ğŸ½â€ğŸ³,ğŸ‘©ğŸ¾â€ğŸ³,ğŸ‘©ğŸ¿â€ğŸ³
ğŸ§‘â€ğŸ”§,mechanic fix it bob the builder handy mechanic diy,ğŸ§‘ğŸ»â€ğŸ”§,ğŸ§‘ğŸ»â€ğŸ”§,ğŸ§‘ğŸ¼â€ğŸ”§,ğŸ§‘ğŸ»â€ğŸ”§,ğŸ§‘ğŸ¼â€ğŸ”§,ğŸ§‘ğŸ½â€ğŸ”§,ğŸ§‘ğŸ»â€ğŸ”§,ğŸ§‘ğŸ¼â€ğŸ”§,ğŸ§‘ğŸ½â€ğŸ”§,ğŸ§‘ğŸ¾â€ğŸ”§,ğŸ§‘ğŸ»â€ğŸ”§,ğŸ§‘ğŸ¼â€ğŸ”§,ğŸ§‘ğŸ½â€ğŸ”§,ğŸ§‘ğŸ¾â€ğŸ”§,ğŸ§‘ğŸ¿â€ğŸ”§
ğŸ‘¨â€ğŸ”§,man mechanic fix it bob the builder handy mechanic diy,ğŸ‘¨ğŸ»â€ğŸ”§,ğŸ‘¨ğŸ»â€ğŸ”§,ğŸ‘¨ğŸ¼â€ğŸ”§,ğŸ‘¨ğŸ»â€ğŸ”§,ğŸ‘¨ğŸ¼â€ğŸ”§,ğŸ‘¨ğŸ½â€ğŸ”§,ğŸ‘¨ğŸ»â€ğŸ”§,ğŸ‘¨ğŸ¼â€ğŸ”§,ğŸ‘¨ğŸ½â€ğŸ”§,ğŸ‘¨ğŸ¾â€ğŸ”§,ğŸ‘¨ğŸ»â€ğŸ”§,ğŸ‘¨ğŸ¼â€ğŸ”§,ğŸ‘¨ğŸ½â€ğŸ”§,ğŸ‘¨ğŸ¾â€ğŸ”§,ğŸ‘¨ğŸ¿â€ğŸ”§
ğŸ‘©â€ğŸ”§,woman mechanic fix it bob the builder handy mechanic diy,ğŸ‘©ğŸ»â€ğŸ”§,ğŸ‘©ğŸ»â€ğŸ”§,ğŸ‘©ğŸ¼â€ğŸ”§,ğŸ‘©ğŸ»â€ğŸ”§,ğŸ‘©ğŸ¼â€ğŸ”§,ğŸ‘©ğŸ½â€ğŸ”§,ğŸ‘©ğŸ»â€ğŸ”§,ğŸ‘©ğŸ¼â€ğŸ”§,ğŸ‘©ğŸ½â€ğŸ”§,ğŸ‘©ğŸ¾â€ğŸ”§,ğŸ‘©ğŸ»â€ğŸ”§,ğŸ‘©ğŸ¼â€ğŸ”§,ğŸ‘©ğŸ½â€ğŸ”§,ğŸ‘©ğŸ¾â€ğŸ”§,ğŸ‘©ğŸ¿â€ğŸ”§
ğŸ§‘â€ğŸ­,factory worker the grind blue collar hard work industry working class,ğŸ§‘ğŸ»â€ğŸ­,ğŸ§‘ğŸ»â€ğŸ­,ğŸ§‘ğŸ¼â€ğŸ­,ğŸ§‘ğŸ»â€ğŸ­,ğŸ§‘ğŸ¼â€ğŸ­,ğŸ§‘ğŸ½â€ğŸ­,ğŸ§‘ğŸ»â€ğŸ­,ğŸ§‘ğŸ¼â€ğŸ­,ğŸ§‘ğŸ½â€ğŸ­,ğŸ§‘ğŸ¾â€ğŸ­,ğŸ§‘ğŸ»â€ğŸ­,ğŸ§‘ğŸ¼â€ğŸ­,ğŸ§‘ğŸ½â€ğŸ­,ğŸ§‘ğŸ¾â€ğŸ­,ğŸ§‘ğŸ¿â€ğŸ­
ğŸ‘¨â€ğŸ­,man factory worker the grind blue collar hard work industry working class,ğŸ‘¨ğŸ»â€ğŸ­,ğŸ‘¨ğŸ»â€ğŸ­,ğŸ‘¨ğŸ¼â€ğŸ­,ğŸ‘¨ğŸ»â€ğŸ­,ğŸ‘¨ğŸ¼â€ğŸ­,ğŸ‘¨ğŸ½â€ğŸ­,ğŸ‘¨ğŸ»â€ğŸ­,ğŸ‘¨ğŸ¼â€ğŸ­,ğŸ‘¨ğŸ½â€ğŸ­,ğŸ‘¨ğŸ¾â€ğŸ­,ğŸ‘¨ğŸ»â€ğŸ­,ğŸ‘¨ğŸ¼â€ğŸ­,ğŸ‘¨ğŸ½â€ğŸ­,ğŸ‘¨ğŸ¾â€ğŸ­,ğŸ‘¨ğŸ¿â€ğŸ­
ğŸ‘©â€ğŸ­,woman factory worker the grind blue collar hard work industry working class,ğŸ‘©ğŸ»â€ğŸ­,ğŸ‘©ğŸ»â€ğŸ­,ğŸ‘©ğŸ¼â€ğŸ­,ğŸ‘©ğŸ»â€ğŸ­,ğŸ‘©ğŸ¼â€ğŸ­,ğŸ‘©ğŸ½â€ğŸ­,ğŸ‘©ğŸ»â€ğŸ­,ğŸ‘©ğŸ¼â€ğŸ­,ğŸ‘©ğŸ½â€ğŸ­,ğŸ‘©ğŸ¾â€ğŸ­,ğŸ‘©ğŸ»â€ğŸ­,ğŸ‘©ğŸ¼â€ğŸ­,ğŸ‘©ğŸ½â€ğŸ­,ğŸ‘©ğŸ¾â€ğŸ­,ğŸ‘©ğŸ¿â€ğŸ­
ğŸ§‘â€ğŸ’¼,office worker 9 to 5 corporate life the office business professional,ğŸ§‘ğŸ»â€ğŸ’¼,ğŸ§‘ğŸ»â€ğŸ’¼,ğŸ§‘ğŸ¼â€ğŸ’¼,ğŸ§‘ğŸ»â€ğŸ’¼,ğŸ§‘ğŸ¼â€ğŸ’¼,ğŸ§‘ğŸ½â€ğŸ’¼,ğŸ§‘ğŸ»â€ğŸ’¼,ğŸ§‘ğŸ¼â€ğŸ’¼,ğŸ§‘ğŸ½â€ğŸ’¼,ğŸ§‘ğŸ¾â€ğŸ’¼,ğŸ§‘ğŸ»â€ğŸ’¼,ğŸ§‘ğŸ¼â€ğŸ’¼,ğŸ§‘ğŸ½â€ğŸ’¼,ğŸ§‘ğŸ¾â€ğŸ’¼,ğŸ§‘ğŸ¿â€ğŸ’¼
ğŸ‘¨â€ğŸ’¼,man office worker 9 to 5 corporate life the office business professional,ğŸ‘¨ğŸ»â€ğŸ’¼,ğŸ‘¨ğŸ»â€ğŸ’¼,ğŸ‘¨ğŸ¼â€ğŸ’¼,ğŸ‘¨ğŸ»â€ğŸ’¼,ğŸ‘¨ğŸ¼â€ğŸ’¼,ğŸ‘¨ğŸ½â€ğŸ’¼,ğŸ‘¨ğŸ»â€ğŸ’¼,ğŸ‘¨ğŸ¼â€ğŸ’¼,ğŸ‘¨ğŸ½â€ğŸ’¼,ğŸ‘¨ğŸ¾â€ğŸ’¼,ğŸ‘¨ğŸ»â€ğŸ’¼,ğŸ‘¨ğŸ¼â€ğŸ’¼,ğŸ‘¨ğŸ½â€ğŸ’¼,ğŸ‘¨ğŸ¾â€ğŸ’¼,ğŸ‘¨ğŸ¿â€ğŸ’¼
ğŸ‘©â€ğŸ’¼,woman office worker girlboss corporate life the office business professional,ğŸ‘©ğŸ»â€ğŸ’¼,ğŸ‘©ğŸ»â€ğŸ’¼,ğŸ‘©ğŸ¼â€ğŸ’¼,ğŸ‘©ğŸ»â€ğŸ’¼,ğŸ‘©ğŸ¼â€ğŸ’¼,ğŸ‘©ğŸ½â€ğŸ’¼,ğŸ‘©ğŸ»â€ğŸ’¼,ğŸ‘©ğŸ¼â€ğŸ’¼,ğŸ‘©ğŸ½â€ğŸ’¼,ğŸ‘©ğŸ¾â€ğŸ’¼,ğŸ‘©ğŸ»â€ğŸ’¼,ğŸ‘©ğŸ¼â€ğŸ’¼,ğŸ‘©ğŸ½â€ğŸ’¼,ğŸ‘©ğŸ¾â€ğŸ’¼,ğŸ‘©ğŸ¿â€ğŸ’¼
ğŸ§‘â€ğŸ”¬,scientist science bill nye beaker chemistry lab coat,ğŸ§‘ğŸ»â€ğŸ”¬,ğŸ§‘ğŸ»â€ğŸ”¬,ğŸ§‘ğŸ¼â€ğŸ”¬,ğŸ§‘ğŸ»â€ğŸ”¬,ğŸ§‘ğŸ¼â€ğŸ”¬,ğŸ§‘ğŸ½â€ğŸ”¬,ğŸ§‘ğŸ»â€ğŸ”¬,ğŸ§‘ğŸ¼â€ğŸ”¬,ğŸ§‘ğŸ½â€ğŸ”¬,ğŸ§‘ğŸ¾â€ğŸ”¬,ğŸ§‘ğŸ»â€ğŸ”¬,ğŸ§‘ğŸ¼â€ğŸ”¬,ğŸ§‘ğŸ½â€ğŸ½â€ğŸ”¬,ğŸ§‘ğŸ¾â€ğŸ”¬,ğŸ§‘ğŸ¿â€ğŸ”¬
ğŸ‘¨â€ğŸ”¬,man scientist science bill nye beaker chemistry lab coat,ğŸ‘¨ğŸ»â€ğŸ”¬,ğŸ‘¨ğŸ»â€ğŸ”¬,ğŸ‘¨ğŸ¼â€ğŸ”¬,ğŸ‘¨ğŸ»â€ğŸ”¬,ğŸ‘¨ğŸ¼â€ğŸ”¬,ğŸ‘¨ğŸ½â€ğŸ”¬,ğŸ‘¨ğŸ»â€ğŸ”¬,ğŸ‘¨ğŸ¼â€ğŸ”¬,ğŸ‘¨ğŸ½â€ğŸ”¬,ğŸ‘¨ğŸ¾â€ğŸ”¬,ğŸ‘¨ğŸ»â€ğŸ”¬,ğŸ‘¨ğŸ¼â€ğŸ”¬,ğŸ‘¨ğŸ½â€ğŸ”¬,ğŸ‘¨ğŸ¾â€ğŸ”¬,ğŸ‘¨ğŸ¿â€ğŸ”¬
ğŸ‘©â€ğŸ”¬,woman scientist science bill nye beaker chemistry lab coat,ğŸ‘©ğŸ»â€ğŸ”¬,ğŸ‘©ğŸ»â€ğŸ”¬,ğŸ‘©ğŸ¼â€ğŸ”¬,ğŸ‘©ğŸ»â€ğŸ”¬,ğŸ‘©ğŸ¼â€ğŸ”¬,ğŸ‘©ğŸ½â€ğŸ”¬,ğŸ‘©ğŸ»â€ğŸ”¬,ğŸ‘©ğŸ¼â€ğŸ”¬,ğŸ‘©ğŸ½â€ğŸ”¬,ğŸ‘©ğŸ¾â€ğŸ”¬,ğŸ‘©ğŸ»â€ğŸ”¬,ğŸ‘©ğŸ¼â€ğŸ”¬,ğŸ‘©ğŸ½â€ğŸ”¬,ğŸ‘©ğŸ¾â€ğŸ”¬,ğŸ‘©ğŸ¿â€ğŸ”¬
ğŸ§‘â€ğŸ’»,technologist coding tech bro programmer developer hacker,ğŸ§‘ğŸ»â€ğŸ’»,ğŸ§‘ğŸ»â€ğŸ’»,ğŸ§‘ğŸ¼â€ğŸ’»,ğŸ§‘ğŸ»â€ğŸ’»,ğŸ§‘ğŸ¼â€ğŸ’»,ğŸ§‘ğŸ½â€ğŸ’»,ğŸ§‘ğŸ»â€ğŸ’»,ğŸ§‘ğŸ¼â€ğŸ’»,ğŸ§‘ğŸ½â€ğŸ’»,ğŸ§‘ğŸ¾â€ğŸ’»,ğŸ§‘ğŸ»â€ğŸ’»,ğŸ§‘ğŸ¼â€ğŸ’»,ğŸ§‘ğŸ½â€ğŸ’»,ğŸ§‘ğŸ¾â€ğŸ’»,ğŸ§‘ğŸ¿â€ğŸ’»
ğŸ‘¨â€ğŸ’»,man technologist coding tech bro programmer developer hacker,ğŸ‘¨ğŸ»â€ğŸ’»,ğŸ‘¨ğŸ»â€ğŸ’»,ğŸ‘¨ğŸ¼â€ğŸ’»,ğŸ‘¨ğŸ»â€ğŸ’»,ğŸ‘¨ğŸ¼â€ğŸ’»,ğŸ‘¨ğŸ½â€ğŸ’»,ğŸ‘¨ğŸ»â€ğŸ’»,ğŸ‘¨ğŸ¼â€ğŸ’»,ğŸ‘¨ğŸ½â€ğŸ½â€ğŸ’»,ğŸ‘¨ğŸ¾â€ğŸ’»,ğŸ‘¨ğŸ»â€ğŸ’»,ğŸ‘¨ğŸ¼â€ğŸ’»,ğŸ‘¨ğŸ½â€ğŸ’»,ğŸ‘¨ğŸ¾â€ğŸ’»,ğŸ‘¨ğŸ¿â€ğŸ’»
ğŸ‘©â€ğŸ’»,woman technologist coding tech sis programmer developer hacker,ğŸ‘©ğŸ»â€ğŸ’»,ğŸ‘©ğŸ»â€ğŸ’»,ğŸ‘©ğŸ¼â€ğŸ’»,ğŸ‘©ğŸ»â€ğŸ’»,ğŸ‘©ğŸ¼â€ğŸ’»,ğŸ‘©ğŸ½â€ğŸ’»,ğŸ‘©ğŸ»â€ğŸ’»,ğŸ‘©ğŸ¼â€ğŸ’»,ğŸ‘©ğŸ½â€ğŸ’»,ğŸ‘©ğŸ¾â€ğŸ’»,ğŸ‘©ğŸ»â€ğŸ’»,ğŸ‘©ğŸ¼â€ğŸ’»,ğŸ‘©ğŸ½â€ğŸ’»,ğŸ‘©ğŸ¾â€ğŸ’»,ğŸ‘©ğŸ¿â€ğŸ’»
ğŸ§‘â€ğŸ¤,singer rockstar main character on stage performing popstar,ğŸ§‘ğŸ»â€ğŸ¤,ğŸ§‘ğŸ»â€ğŸ¤,ğŸ§‘ğŸ¼â€ğŸ¤,ğŸ§‘ğŸ»â€ğŸ¤,ğŸ§‘ğŸ¼â€ğŸ¤,ğŸ§‘ğŸ½â€ğŸ¤,ğŸ§‘ğŸ»â€ğŸ¤,ğŸ§‘ğŸ¼â€ğŸ¤,ğŸ§‘ğŸ½â€ğŸ½â€ğŸ¤,ğŸ§‘ğŸ¾â€ğŸ¤,ğŸ§‘ğŸ»â€ğŸ¤,ğŸ§‘ğŸ¼â€ğŸ¤,ğŸ§‘ğŸ½â€ğŸ¤,ğŸ§‘ğŸ¾â€ğŸ¤,ğŸ§‘ğŸ¿â€ğŸ¤
ğŸ‘¨â€ğŸ¤,man singer rockstar main character on stage performing popstar,ğŸ‘¨ğŸ»â€ğŸ¤,ğŸ‘¨ğŸ»â€ğŸ¤,ğŸ‘¨ğŸ¼â€ğŸ¤,ğŸ‘¨ğŸ»â€ğŸ¤,ğŸ‘¨ğŸ¼â€ğŸ¤,ğŸ‘¨ğŸ½â€ğŸ¤,ğŸ‘¨ğŸ»â€ğŸ¤,ğŸ‘¨ğŸ¼â€ğŸ¤,ğŸ‘¨ğŸ½â€ğŸ¤,ğŸ‘¨ğŸ¾â€ğŸ¤,ğŸ‘¨ğŸ»â€ğŸ¤,ğŸ‘¨ğŸ¼â€ğŸ¤,ğŸ‘¨ğŸ½â€ğŸ¤,ğŸ‘¨ğŸ¾â€ğŸ¤,ğŸ‘¨ğŸ¿â€ğŸ¤
ğŸ‘©â€ğŸ¤,woman singer rockstar main character on stage performing popstar,ğŸ‘©ğŸ»â€ğŸ¤,ğŸ‘©ğŸ»â€ğŸ¤,ğŸ‘©ğŸ¼â€ğŸ¤,ğŸ‘©ğŸ»â€ğŸ¤,ğŸ‘©ğŸ¼â€ğŸ¤,ğŸ‘©ğŸ½â€ğŸ½â€ğŸ¤,ğŸ‘©ğŸ»â€ğŸ¤,ğŸ‘©ğŸ¼â€ğŸ¤,ğŸ‘©ğŸ½â€ğŸ¤,ğŸ‘©ğŸ¾â€ğŸ¤,ğŸ‘©ğŸ»â€ğŸ¤,ğŸ‘©ğŸ¼â€ğŸ¤,ğŸ‘©ğŸ½â€ğŸ¤,ğŸ‘©ğŸ¾â€ğŸ¤,ğŸ‘©ğŸ¿â€ğŸ¤
ğŸ§‘â€ğŸ¨,artist artsy creative painting masterpiece bob ross,ğŸ§‘ğŸ»â€ğŸ¨,ğŸ§‘ğŸ»â€ğŸ¨,ğŸ§‘ğŸ¼â€ğŸ¨,ğŸ§‘ğŸ»â€ğŸ¨,ğŸ§‘ğŸ¼â€ğŸ¨,ğŸ§‘ğŸ½â€ğŸ¨,ğŸ§‘ğŸ»â€ğŸ¨,ğŸ§‘ğŸ¼â€ğŸ¨,ğŸ§‘ğŸ½â€ğŸ¨,ğŸ§‘ğŸ¾â€ğŸ¨,ğŸ§‘ğŸ»â€ğŸ¨,ğŸ§‘ğŸ¼â€ğŸ¨,ğŸ§‘ğŸ½â€ğŸ¨,ğŸ§‘ğŸ¾â€ğŸ¨,ğŸ§‘ğŸ¿â€ğŸ¨
ğŸ‘¨â€ğŸ¨,man artist artsy creative painting masterpiece bob ross,ğŸ‘¨ğŸ»â€ğŸ¨,ğŸ‘¨ğŸ»â€ğŸ¨,ğŸ‘¨ğŸ¼â€ğŸ¨,ğŸ‘¨ğŸ»â€ğŸ¨,ğŸ‘¨ğŸ¼â€ğŸ¨,ğŸ‘¨ğŸ½â€ğŸ¨,ğŸ‘¨ğŸ»â€ğŸ¨,ğŸ‘¨ğŸ¼â€ğŸ¨,ğŸ‘¨ğŸ½â€ğŸ½â€ğŸ¨,ğŸ‘¨ğŸ¾â€ğŸ¨,ğŸ‘¨ğŸ»â€ğŸ¨,ğŸ‘¨ğŸ¼â€ğŸ¨,ğŸ‘¨ğŸ½â€ğŸ¨,ğŸ‘¨ğŸ¾â€ğŸ¨,ğŸ‘¨ğŸ¿â€ğŸ¨
ğŸ‘©â€ğŸ¨,woman artist artsy creative painting masterpiece bob ross,ğŸ‘©ğŸ»â€ğŸ¨,ğŸ‘©ğŸ»â€ğŸ¨,ğŸ‘©ğŸ¼â€ğŸ¨,ğŸ‘©ğŸ»â€ğŸ¨,ğŸ‘©ğŸ¼â€ğŸ¨,ğŸ‘©ğŸ½â€ğŸ¨,ğŸ‘©ğŸ»â€ğŸ¨,ğŸ‘©ğŸ¼â€ğŸ¨,ğŸ‘©ğŸ½â€ğŸ½â€ğŸ¨,ğŸ‘©ğŸ¾â€ğŸ¨,ğŸ‘©ğŸ»â€ğŸ¨,ğŸ‘©ğŸ¼â€ğŸ¨,ğŸ‘©ğŸ½â€ğŸ¨,ğŸ‘©ğŸ¾â€ğŸ¨,ğŸ‘©ğŸ¿â€ğŸ¨
ğŸ§‘â€âœˆï¸,pilot flying high top gun maverick pilot captain,ğŸ§‘ğŸ»â€âœˆï¸,ğŸ§‘ğŸ»â€âœˆï¸,ğŸ§‘ğŸ¼â€âœˆï¸,ğŸ§‘ğŸ»â€âœˆï¸,ğŸ§‘ğŸ¼â€âœˆï¸,ğŸ§‘ğŸ½â€âœˆï¸,ğŸ§‘ğŸ»â€âœˆï¸,ğŸ§‘ğŸ¼â€âœˆï¸,ğŸ§‘ğŸ½â€âœˆï¸,ğŸ§‘ğŸ¾â€âœˆï¸,ğŸ§‘ğŸ»â€âœˆï¸,ğŸ§‘ğŸ¼â€âœˆï¸,ğŸ§‘ğŸ½â€âœˆï¸,ğŸ§‘ğŸ¾â€âœˆï¸,ğŸ§‘ğŸ¿â€âœˆï¸
ğŸ‘¨â€âœˆï¸,man pilot flying high top gun maverick pilot captain,ğŸ‘¨ğŸ»â€âœˆï¸,ğŸ‘¨ğŸ»â€âœˆï¸,ğŸ‘¨ğŸ¼â€âœˆï¸,ğŸ‘¨ğŸ»â€âœˆï¸,ğŸ‘¨ğŸ¼â€âœˆï¸,ğŸ‘¨ğŸ½â€âœˆï¸,ğŸ‘¨ğŸ»â€âœˆï¸,ğŸ‘¨ğŸ¼â€âœˆï¸,ğŸ‘¨ğŸ½â€ğŸ½â€âœˆï¸,ğŸ‘¨ğŸ¾â€âœˆï¸,ğŸ‘¨ğŸ»â€âœˆï¸,ğŸ‘¨ğŸ¼â€âœˆï¸,ğŸ‘¨ğŸ½â€âœˆï¸,ğŸ‘¨ğŸ¾â€âœˆï¸,ğŸ‘¨ğŸ¿â€âœˆï¸
ğŸ‘©â€âœˆï¸,woman pilot flying high top gun maverick pilot captain,ğŸ‘©ğŸ»â€âœˆï¸,ğŸ‘©ğŸ»â€âœˆï¸,ğŸ‘©ğŸ¼â€âœˆï¸,ğŸ‘©ğŸ»â€âœˆï¸,ğŸ‘©ğŸ¼â€âœˆï¸,ğŸ‘©ğŸ½â€âœˆï¸,ğŸ‘©ğŸ»â€âœˆï¸,ğŸ‘©ğŸ¼â€âœˆï¸,ğŸ‘©ğŸ½â€ğŸ½â€âœˆï¸,ğŸ‘©ğŸ¾â€âœˆï¸,ğŸ‘©ğŸ»â€âœˆï¸,ğŸ‘©ğŸ¼â€âœˆï¸,ğŸ‘©ğŸ½â€âœˆï¸,ğŸ‘©ğŸ¾â€âœˆï¸,ğŸ‘©ğŸ¿â€âœˆï¸
ğŸ§‘â€ğŸš€,astronaut to the moon among us space interstellar astronaut,ğŸ§‘ğŸ»â€ğŸš€,ğŸ§‘ğŸ»â€ğŸš€,ğŸ§‘ğŸ¼â€ğŸš€,ğŸ§‘ğŸ»â€ğŸš€,ğŸ§‘ğŸ¼â€ğŸš€,ğŸ§‘ğŸ½â€ğŸš€,ğŸ§‘ğŸ»â€ğŸš€,ğŸ§‘ğŸ¼â€ğŸš€,ğŸ§‘ğŸ½â€ğŸš€,ğŸ§‘ğŸ¾â€ğŸš€,ğŸ§‘ğŸ»â€ğŸš€,ğŸ§‘ğŸ¼â€ğŸš€,ğŸ§‘ğŸ½â€ğŸš€,ğŸ§‘ğŸ¾â€ğŸš€,ğŸ§‘ğŸ¿â€ğŸš€
ğŸ‘¨â€ğŸš€,man astronaut to the moon among us space interstellar astronaut,ğŸ‘¨ğŸ»â€ğŸš€,ğŸ‘¨ğŸ»â€ğŸš€,ğŸ‘¨ğŸ¼â€ğŸš€,ğŸ‘¨ğŸ»â€ğŸš€,ğŸ‘¨ğŸ¼â€ğŸš€,ğŸ‘¨ğŸ½â€ğŸš€,ğŸ‘¨ğŸ»â€ğŸš€,ğŸ‘¨ğŸ¼â€ğŸš€,ğŸ‘¨ğŸ½â€ğŸ½â€ğŸš€,ğŸ‘¨ğŸ¾â€ğŸš€,ğŸ‘¨ğŸ»â€ğŸš€,ğŸ‘¨ğŸ¼â€ğŸš€,ğŸ‘¨ğŸ½â€ğŸš€,ğŸ‘¨ğŸ¾â€ğŸš€,ğŸ‘¨ğŸ¿â€ğŸš€
ğŸ‘©â€ğŸš€,woman astronaut to the moon among us space interstellar astronaut,ğŸ‘©ğŸ»â€ğŸš€,ğŸ‘©ğŸ»â€ğŸš€,ğŸ‘©ğŸ¼â€ğŸš€,ğŸ‘©ğŸ»â€ğŸš€,ğŸ‘©ğŸ¼â€ğŸš€,ğŸ‘©ğŸ½â€ğŸš€,ğŸ‘©ğŸ»â€ğŸš€,ğŸ‘©ğŸ¼â€ğŸš€,ğŸ‘©ğŸ½â€ğŸ½â€ğŸš€,ğŸ‘©ğŸ¾â€ğŸš€,ğŸ‘©ğŸ»â€ğŸš€,ğŸ‘©ğŸ¼â€ğŸš€,ğŸ‘©ğŸ½â€ğŸš€,ğŸ‘©ğŸ¾â€ğŸš€,ğŸ‘©ğŸ¿â€ğŸš€
ğŸ§‘â€ğŸš’,firefighter hero on fire hot stuff firefighter rescue,ğŸ§‘ğŸ»â€ğŸš’,ğŸ§‘ğŸ»â€ğŸš’,ğŸ§‘ğŸ¼â€ğŸš’,ğŸ§‘ğŸ»â€ğŸš’,ğŸ§‘ğŸ¼â€ğŸš’,ğŸ§‘ğŸ½â€ğŸš’,ğŸ§‘ğŸ»â€ğŸš’,ğŸ§‘ğŸ¼â€ğŸš’,ğŸ§‘ğŸ½â€ğŸš€,ğŸ§‘ğŸ¾â€ğŸš’,ğŸ§‘ğŸ»â€ğŸš’,ğŸ§‘ğŸ¼â€ğŸš’,ğŸ§‘ğŸ½â€ğŸš€,ğŸ§‘ğŸ¾â€ğŸš’,ğŸ§‘ğŸ¿â€ğŸš’
ğŸ‘¨â€ğŸš’,man firefighter hero on fire hot stuff firefighter rescue,ğŸ‘¨ğŸ»â€ğŸš’,ğŸ‘¨ğŸ»â€ğŸš’,ğŸ‘¨ğŸ¼â€ğŸš’,ğŸ‘¨ğŸ»â€ğŸš’,ğŸ‘¨ğŸ¼â€ğŸš’,ğŸ‘¨ğŸ½â€ğŸš’,ğŸ‘¨ğŸ»â€ğŸš’,ğŸ‘¨ğŸ¼â€ğŸš’,ğŸ‘¨ğŸ½â€ğŸ½â€ğŸš’,ğŸ‘¨ğŸ¾â€ğŸš’,ğŸ‘¨ğŸ»â€ğŸš’,ğŸ‘¨ğŸ¼â€ğŸš’,ğŸ‘¨ğŸ½â€ğŸš’,ğŸ‘¨ğŸ¾â€ğŸš’,ğŸ‘¨ğŸ¿â€ğŸš’
ğŸ‘©â€ğŸš’,woman firefighter hero on fire hot stuff firefighter rescue,ğŸ‘©ğŸ»â€ğŸš’,ğŸ‘©ğŸ»â€ğŸš’,ğŸ‘©ğŸ¼â€ğŸš’,ğŸ‘©ğŸ»â€ğŸš’,ğŸ‘©ğŸ¼â€ğŸš’,ğŸ‘©ğŸ½â€ğŸ½â€ğŸš’,ğŸ‘©ğŸ»â€ğŸš’,ğŸ‘©ğŸ¼â€ğŸš’,ğŸ‘©ğŸ½â€ğŸš’,ğŸ‘©ğŸ¾â€ğŸš’,ğŸ‘©ğŸ»â€ğŸš’,ğŸ‘©ğŸ¼â€ğŸš’,ğŸ‘©ğŸ½â€ğŸš’,ğŸ‘©ğŸ¾â€ğŸš’,ğŸ‘©ğŸ¿â€ğŸš’
ğŸ‘®,police officer cops feds ACAB 5-0 police,ğŸ‘®ğŸ»,ğŸ‘®ğŸ»,ğŸ‘®ğŸ¼,ğŸ‘®ğŸ»,ğŸ‘®ğŸ¼,ğŸ‘®ğŸ½,ğŸ‘®ğŸ»,ğŸ‘®ğŸ¼,ğŸ‘®ğŸ½,ğŸ‘®ğŸ¾,ğŸ‘®ğŸ»,ğŸ‘®ğŸ¼,ğŸ‘®ğŸ½,ğŸ‘®ğŸ¾,ğŸ‘®ğŸ¿
ğŸ‘®â€â™‚ï¸,man police officer cops feds ACAB 5-0 police,ğŸ‘®ğŸ»â€â™‚ï¸,ğŸ‘®ğŸ»â€â™‚ï¸,ğŸ‘®ğŸ¼â€â™‚ï¸,ğŸ‘®ğŸ»â€â™‚ï¸,ğŸ‘®ğŸ¼â€â™‚ï¸,ğŸ‘®ğŸ½â€â™‚ï¸,ğŸ‘®ğŸ»â€â™‚ï¸,ğŸ‘®ğŸ¼â€â™‚ï¸,ğŸ‘®ğŸ½â€â™‚ï¸,ğŸ‘®ğŸ¾â€â™‚ï¸,ğŸ‘®ğŸ»â€â™‚ï¸,ğŸ‘®ğŸ¼â€â™‚ï¸,ğŸ‘®ğŸ½â€â™‚ï¸,ğŸ‘®ğŸ¾â€â™‚ï¸,ğŸ‘®ğŸ¿â€â™‚ï¸
ğŸ‘®â€â™€ï¸,woman police officer cops feds ACAB 5-0 police,ğŸ‘®ğŸ»â€â™€ï¸,ğŸ‘®ğŸ»â€â™€ï¸,ğŸ‘®ğŸ¼â€â™€ï¸,ğŸ‘®ğŸ»â€â™€ï¸,ğŸ‘®ğŸ¼â€â™€ï¸,ğŸ‘®ğŸ½â€â™€ï¸,ğŸ‘®ğŸ»â€â™€ï¸,ğŸ‘®ğŸ¼â€â™€ï¸,ğŸ‘®ğŸ½â€â™€ï¸,ğŸ‘®ğŸ¾â€â™€ï¸,ğŸ‘®ğŸ»â€â™€ï¸,ğŸ‘®ğŸ¼â€â™€ï¸,ğŸ‘®ğŸ½â€â™€ï¸,ğŸ‘®ğŸ¾â€â™€ï¸,ğŸ‘®ğŸ¿â€â™€ï¸
ğŸ•µï¸,detective spilling the tea on the case sus investigating private eye,ğŸ•µğŸ»,ğŸ•µğŸ»,ğŸ•µğŸ¼,ğŸ•µğŸ»,ğŸ•µğŸ¼,ğŸ•µğŸ½,ğŸ•µğŸ»,ğŸ•µğŸ¼,ğŸ•µğŸ½,ğŸ•µğŸ¾,ğŸ•µğŸ»,ğŸ•µğŸ¼,ğŸ•µğŸ½,ğŸ•µğŸ¾,ğŸ•µğŸ¿
ğŸ•µï¸â€â™‚ï¸,man detective spilling the tea on the case sus investigating private eye,ğŸ•µğŸ»â€â™‚ï¸,ğŸ•µğŸ»â€â™‚ï¸,ğŸ•µğŸ¼â€â™‚ï¸,ğŸ•µğŸ»â€â™‚ï¸,ğŸ•µğŸ¼â€â™‚ï¸,ğŸ•µğŸ½â€â™‚ï¸,ğŸ•µğŸ»â€â™‚ï¸,ğŸ•µğŸ¼â€â™‚ï¸,ğŸ•µğŸ½â€â™‚ï¸,ğŸ•µğŸ¾â€â™‚ï¸,ğŸ•µğŸ»â€â™‚ï¸,ğŸ•µğŸ¼â€â™‚ï¸,ğŸ•µğŸ½â€â™‚ï¸,ğŸ•µğŸ¾â€â™‚ï¸,ğŸ•µğŸ¿â€â™‚ï¸
ğŸ•µï¸â€â™€ï¸,woman detective spilling the tea on the case sus investigating private eye,ğŸ•µğŸ»â€â™€ï¸,ğŸ•µğŸ»â€â™€ï¸,ğŸ•µğŸ¼â€â™€ï¸,ğŸ•µğŸ»â€â™€ï¸,ğŸ•µğŸ¼â€â™€ï¸,ğŸ•µğŸ½â€â™€ï¸,ğŸ•µğŸ»â€â™€ï¸,ğŸ•µğŸ¼â€â™€ï¸,ğŸ•µğŸ½â€â™€ï¸,ğŸ•µğŸ¾â€â™€ï¸,ğŸ•µğŸ»â€â™€ï¸,ğŸ•µğŸ¼â€â™€ï¸,ğŸ•µğŸ½â€â™€ï¸,ğŸ•µğŸ¾â€â™€ï¸,ğŸ•µğŸ¿â€â™€ï¸
ğŸ’‚,guard on watch royal guard stoic protecting the grind,ğŸ’‚ğŸ»,ğŸ’‚ğŸ»,ğŸ’‚ğŸ¼,ğŸ’‚ğŸ»,ğŸ’‚ğŸ¼,ğŸ’‚ğŸ½,ğŸ’‚ğŸ»,ğŸ’‚ğŸ¼,ğŸ’‚ğŸ½,ğŸ’‚ğŸ¾,ğŸ’‚ğŸ»,ğŸ’‚ğŸ¼,ğŸ’‚ğŸ½,ğŸ’‚ğŸ¾,ğŸ’‚ğŸ¿
ğŸ’‚â€â™‚ï¸,man guard on watch royal guard stoic protecting the grind,ğŸ’‚ğŸ»â€â™‚ï¸,ğŸ’‚ğŸ»â€â™‚ï¸,ğŸ’‚ğŸ¼â€â™‚ï¸,ğŸ’‚ğŸ»â€â™‚ï¸,ğŸ’‚ğŸ¼â€â™‚ï¸,ğŸ’‚ğŸ½â€â™‚ï¸,ğŸ’‚ğŸ»â€â™‚ï¸,ğŸ’‚ğŸ¼â€â™‚ï¸,ğŸ’‚ğŸ½â€â™‚ï¸,ğŸ’‚ğŸ¾â€â™‚ï¸,ğŸ’‚ğŸ»â€â™‚ï¸,ğŸ’‚ğŸ¼â€â™‚ï¸,ğŸ’‚ğŸ½â€â™‚ï¸,ğŸ’‚ğŸ¾â€â™‚ï¸,ğŸ’‚ğŸ¿â€â™‚ï¸
ğŸ’‚â€â™€ï¸,woman guard on watch royal guard stoic protecting the grind,ğŸ’‚ğŸ»â€â™€ï¸,ğŸ’‚ğŸ»â€â™€ï¸,ğŸ’‚ğŸ¼â€â™€ï¸,ğŸ’‚ğŸ»â€â™€ï¸,ğŸ’‚ğŸ¼â€â™€ï¸,ğŸ’‚ğŸ½â€â™€ï¸,ğŸ’‚ğŸ»â€â™€ï¸,ğŸ’‚ğŸ¼â€â™€ï¸,ğŸ’‚ğŸ½â€â™€ï¸,ğŸ’‚ğŸ¾â€â™€ï¸,ğŸ’‚ğŸ»â€â™€ï¸,ğŸ’‚ğŸ¼â€â™€ï¸,ğŸ’‚ğŸ½â€â™€ï¸,ğŸ’‚ğŸ¾â€â™€ï¸,ğŸ’‚ğŸ¿â€â™€ï¸
ğŸ¥·,ninja stealth mode sneaky shadow silent assassin,ğŸ¥·ğŸ»,ğŸ¥·ğŸ»,ğŸ¥·ğŸ¼,ğŸ¥·ğŸ»,ğŸ¥·ğŸ¼,ğŸ¥·ğŸ½,ğŸ¥·ğŸ»,ğŸ¥·ğŸ¼,ğŸ¥·ğŸ½,ğŸ¥·ğŸ¾,ğŸ¥·ğŸ»,ğŸ¥·ğŸ¼,ğŸ¥·ğŸ½,ğŸ¥·ğŸ¾,ğŸ¥·ğŸ¿
ğŸ‘·,construction worker hard hat area the grind building workin hard blue collar,ğŸ‘·ğŸ»,ğŸ‘·ğŸ»,ğŸ‘·ğŸ¼,ğŸ‘·ğŸ»,ğŸ‘·ğŸ¼,ğŸ‘·ğŸ½,ğŸ‘·ğŸ»,ğŸ‘·ğŸ¼,ğŸ‘·ğŸ½,ğŸ‘·ğŸ¾,ğŸ‘·ğŸ»,ğŸ‘·ğŸ¼,ğŸ‘·ğŸ½,ğŸ‘·ğŸ¾,ğŸ‘·ğŸ¿
ğŸ‘·â€â™‚ï¸,man construction worker hard hat area the grind building workin hard blue collar,ğŸ‘·ğŸ»â€â™‚ï¸,ğŸ‘·ğŸ»â€â™‚ï¸,ğŸ‘·ğŸ¼â€â™‚ï¸,ğŸ‘·ğŸ»â€â™‚ï¸,ğŸ‘·ğŸ¼â€â™‚ï¸,ğŸ‘·ğŸ½â€â™‚ï¸,ğŸ‘·ğŸ»â€â™‚ï¸,ğŸ‘·ğŸ¼â€â™‚ï¸,ğŸ‘·ğŸ½â€â™‚ï¸,ğŸ‘·ğŸ¾â€â™‚ï¸,ğŸ‘·ğŸ»â€â™‚ï¸,ğŸ‘·ğŸ¼â€â™‚ï¸,ğŸ‘·ğŸ½â€â™‚ï¸,ğŸ‘·ğŸ¾â€â™‚ï¸,ğŸ‘·ğŸ¿â€â™‚ï¸
ğŸ‘·â€â™€ï¸,woman construction worker hard hat area the grind building workin hard blue collar,ğŸ‘·ğŸ»â€â™€ï¸,ğŸ‘·ğŸ»â€â™€ï¸,ğŸ‘·ğŸ¼â€â™€ï¸,ğŸ‘·ğŸ»â€â™€ï¸,ğŸ‘·ğŸ¼â€â™€ï¸,ğŸ‘·ğŸ½â€â™€ï¸,ğŸ‘·ğŸ»â€â™€ï¸,ğŸ‘·ğŸ¼â€â™€ï¸,ğŸ‘·ğŸ½â€â™€ï¸,ğŸ‘·ğŸ¾â€â™€ï¸,ğŸ‘·ğŸ»â€â™€ï¸,ğŸ‘·ğŸ¼â€â™€ï¸,ğŸ‘·ğŸ½â€â™€ï¸,ğŸ‘·ğŸ¾â€â™€ï¸,ğŸ‘·ğŸ¿â€â™€ï¸
ğŸ«…,person with crown royalty king queen monarch main character,ğŸ«…ğŸ»,ğŸ«…ğŸ»,ğŸ«…ğŸ¼,ğŸ«…ğŸ»,ğŸ«…ğŸ¼,ğŸ«…ğŸ½,ğŸ«…ğŸ»,ğŸ«…ğŸ¼,ğŸ«…ğŸ½,ğŸ«…ğŸ¾,ğŸ«…ğŸ»,ğŸ«…ğŸ¼,ğŸ«…ğŸ½,ğŸ«…ğŸ¾,ğŸ«…ğŸ¿
ğŸ¤´,prince prince charming king royalty main character spoiled,ğŸ¤´ğŸ»,ğŸ¤´ğŸ»,ğŸ¤´ğŸ¼,ğŸ¤´ğŸ»,ğŸ¤´ğŸ¼,ğŸ¤´ğŸ½,ğŸ¤´ğŸ»,ğŸ¤´ğŸ¼,ğŸ¤´ğŸ½,ğŸ¤´ğŸ¾,ğŸ¤´ğŸ»,ğŸ¤´ğŸ¼,ğŸ¤´ğŸ½,ğŸ¤´ğŸ¾,ğŸ¤´ğŸ¿
ğŸ‘¸,princess princess diaries queen main character energy royalty disney princess,ğŸ‘¸ğŸ»,ğŸ‘¸ğŸ»,ğŸ‘¸ğŸ¼,ğŸ‘¸ğŸ»,ğŸ‘¸ğŸ¼,ğŸ‘¸ğŸ½,ğŸ‘¸ğŸ»,ğŸ‘¸ğŸ¼,ğŸ‘¸ğŸ½,ğŸ‘¸ğŸ¾,ğŸ‘¸ğŸ»,ğŸ‘¸ğŸ¼,ğŸ‘¸ğŸ½,ğŸ‘¸ğŸ¾,ğŸ‘¸ğŸ¿
ğŸ‘³,person wearing turban turban sikh desi cultural respect,ğŸ‘³ğŸ»,ğŸ‘³ğŸ»,ğŸ‘³ğŸ¼,ğŸ‘³ğŸ»,ğŸ‘³ğŸ¼,ğŸ‘³ğŸ½,ğŸ‘³ğŸ»,ğŸ‘³ğŸ¼,ğŸ‘³ğŸ½,ğŸ‘³ğŸ¾,ğŸ‘³ğŸ»,ğŸ‘³ğŸ¼,ğŸ‘³ğŸ½,ğŸ‘³ğŸ¾,ğŸ‘³ğŸ¿
ğŸ‘³â€â™‚ï¸,man wearing turban turban sikh desi cultural respect,ğŸ‘³ğŸ»â€â™‚ï¸,ğŸ‘³ğŸ»â€â™‚ï¸,ğŸ‘³ğŸ¼â€â™‚ï¸,ğŸ‘³ğŸ»â€â™‚ï¸,ğŸ‘³ğŸ¼â€â™‚ï¸,ğŸ‘³ğŸ½â€â™‚ï¸,ğŸ‘³ğŸ»â€â™‚ï¸,ğŸ‘³ğŸ¼â€â™‚ï¸,ğŸ‘³ğŸ½â€â™‚ï¸,ğŸ‘³ğŸ¾â€â™‚ï¸,ğŸ‘³ğŸ»â€â™‚ï¸,ğŸ‘³ğŸ¼â€â™‚ï¸,ğŸ‘³ğŸ½â€â™‚ï¸,ğŸ‘³ğŸ¾â€â™‚ï¸,ğŸ‘³ğŸ¿â€â™‚ï¸
ğŸ‘³â€â™€ï¸,woman wearing turban turban sikh desi cultural respect,ğŸ‘³ğŸ»â€â™€ï¸,ğŸ‘³ğŸ»â€â™€ï¸,ğŸ‘³ğŸ¼â€â™€ï¸,ğŸ‘³ğŸ»â€â™€ï¸,ğŸ‘³ğŸ¼â€â™€ï¸,ğŸ‘³ğŸ½â€â™€ï¸,ğŸ‘³ğŸ»â€â™€ï¸,ğŸ‘³ğŸ¼â€â™€ï¸,ğŸ‘³ğŸ½â€â™€ï¸,ğŸ‘³ğŸ¾â€â™€ï¸,ğŸ‘³ğŸ»â€â™€ï¸,ğŸ‘³ğŸ¼â€â™€ï¸,ğŸ‘³ğŸ½â€â™€ï¸,ğŸ‘³ğŸ¾â€â™€ï¸,ğŸ‘³ğŸ¿â€â™€ï¸
ğŸ‘²,person with skullcap skullcap chinese man traditional asian wise,ğŸ‘²ğŸ»,ğŸ‘²ğŸ»,ğŸ‘²ğŸ¼,ğŸ‘²ğŸ»,ğŸ‘²ğŸ¼,ğŸ‘²ğŸ½,ğŸ‘²ğŸ»,ğŸ‘²ğŸ¼,ğŸ‘²ğŸ½,ğŸ‘²ğŸ¾,ğŸ‘²ğŸ»,ğŸ‘²ğŸ¼,ğŸ‘²ğŸ½,ğŸ‘²ğŸ¾,ğŸ‘²ğŸ¿
ğŸ§•,woman with headscarf hijabi muslimah modest fashion queen headscarf,ğŸ§•ğŸ»,ğŸ§•ğŸ»,ğŸ§•ğŸ¼,ğŸ§•ğŸ»,ğŸ§•ğŸ¼,ğŸ§•ğŸ½,ğŸ§•ğŸ»,ğŸ§•ğŸ¼,ğŸ§•ğŸ½,ğŸ§•ğŸ¾,ğŸ§•ğŸ»,ğŸ§•ğŸ¼,ğŸ§•ğŸ½,ğŸ§•ğŸ¾,ğŸ§•ğŸ¿
ğŸ¤µ,person in tuxedo tuxedo fancy black tie dapper prom night,ğŸ¤µğŸ»,ğŸ¤µğŸ»,ğŸ¤µğŸ¼,ğŸ¤µğŸ»,ğŸ¤µğŸ¼,ğŸ¤µğŸ½,ğŸ¤µğŸ»,ğŸ¤µğŸ¼,ğŸ¤µğŸ½,ğŸ¤µğŸ¾,ğŸ¤µğŸ»,ğŸ¤µğŸ¼,ğŸ¤µğŸ½,ğŸ¤µğŸ¾,ğŸ¤µğŸ¿
ğŸ¤µâ€â™‚ï¸,man in tuxedo tuxedo fancy black tie dapper prom night,ğŸ¤µğŸ»â€â™‚ï¸,ğŸ¤µğŸ»â€â™‚ï¸,ğŸ¤µğŸ¼â€â™‚ï¸,ğŸ¤µğŸ»â€â™‚ï¸,ğŸ¤µğŸ¼â€â™‚ï¸,ğŸ¤µğŸ½â€â™‚ï¸,ğŸ¤µğŸ»â€â™‚ï¸,ğŸ¤µğŸ¼â€â™‚ï¸,ğŸ¤µğŸ½â€â™‚ï¸,ğŸ¤µğŸ¾â€â™‚ï¸,ğŸ¤µğŸ»â€â™‚ï¸,ğŸ¤µğŸ¼â€â™‚ï¸,ğŸ¤µğŸ½â€â™‚ï¸,ğŸ¤µğŸ¾â€â™‚ï¸,ğŸ¤µğŸ¿â€â™‚ï¸
ğŸ¤µâ€â™€ï¸,woman in tuxedo tuxedo fancy black tie dapper prom night,ğŸ¤µğŸ»â€â™€ï¸,ğŸ¤µğŸ»â€â™€ï¸,ğŸ¤µğŸ¼â€â™€ï¸,ğŸ¤µğŸ»â€â™€ï¸,ğŸ¤µğŸ¼â€â™€ï¸,ğŸ¤µğŸ½â€â™€ï¸,ğŸ¤µğŸ»â€â™€ï¸,ğŸ¤µğŸ¼â€â™€ï¸,ğŸ¤µğŸ½â€â™€ï¸,ğŸ¤µğŸ¾â€â™€ï¸,ğŸ¤µğŸ»â€â™€ï¸,ğŸ¤µğŸ¼â€â™€ï¸,ğŸ¤µğŸ½â€â™€ï¸,ğŸ¤µğŸ¾â€â™€ï¸,ğŸ¤µğŸ¿â€â™€ï¸
ğŸ‘°,person with veil bride wedding day saying yes bridezilla getting married,ğŸ‘°ğŸ»,ğŸ‘°ğŸ»,ğŸ‘°ğŸ¼,ğŸ‘°ğŸ»,ğŸ‘°ğŸ¼,ğŸ‘°ğŸ½,ğŸ‘°ğŸ»,ğŸ‘°ğŸ¼,ğŸ‘°ğŸ½,ğŸ‘°ğŸ¾,ğŸ‘°ğŸ»,ğŸ‘°ğŸ¼,ğŸ‘°ğŸ½,ğŸ‘°ğŸ¾,ğŸ‘°ğŸ¿
ğŸ‘°â€â™‚ï¸,man with veil groom wedding day saying yes getting married husband,ğŸ‘°ğŸ»â€â™‚ï¸,ğŸ‘°ğŸ»â€â™‚ï¸,ğŸ‘°ğŸ¼â€â™‚ï¸,ğŸ‘°ğŸ»â€â™‚ï¸,ğŸ‘°ğŸ¼â€â™‚ï¸,ğŸ‘°ğŸ½â€â™‚ï¸,ğŸ‘°ğŸ»â€â™‚ï¸,ğŸ‘°ğŸ¼â€â™‚ï¸,ğŸ‘°ğŸ½â€â™‚ï¸,ğŸ‘°ğŸ¾â€â™‚ï¸,ğŸ‘°ğŸ»â€â™‚ï¸,ğŸ‘°ğŸ¼â€â™‚ï¸,ğŸ‘°ğŸ½â€â™‚ï¸,ğŸ‘°ğŸ¾â€â™‚ï¸,ğŸ‘°ğŸ¿â€â™‚ï¸
ğŸ‘°â€â™€ï¸,woman with veil bride wedding day saying yes bridezilla getting married,ğŸ‘°ğŸ»â€â™€ï¸,ğŸ‘°ğŸ»â€â™€ï¸,ğŸ‘°ğŸ¼â€â™€ï¸,ğŸ‘°ğŸ»â€â™€ï¸,ğŸ‘°ğŸ¼â€â™€ï¸,ğŸ‘°ğŸ½â€â™€ï¸,ğŸ‘°ğŸ»â€â™€ï¸,ğŸ‘°ğŸ¼â€â™€ï¸,ğŸ‘°ğŸ½â€â™€ï¸,ğŸ‘°ğŸ¾â€â™€ï¸,ğŸ‘°ğŸ»â€â™€ï¸,ğŸ‘°ğŸ¼â€â™€ï¸,ğŸ‘°ğŸ½â€â™€ï¸,ğŸ‘°ğŸ¾â€â™€ï¸,ğŸ‘°ğŸ¿â€â™€ï¸
ğŸ¤°,pregnant woman pregnant baby on board expecting glowing food baby,ğŸ¤°ğŸ»,ğŸ¤°ğŸ»,ğŸ¤°ğŸ¼,ğŸ¤°ğŸ»,ğŸ¤°ğŸ¼,ğŸ¤°ğŸ½,ğŸ¤°ğŸ»,ğŸ¤°ğŸ¼,ğŸ¤°ğŸ½,ğŸ¤°ğŸ¾,ğŸ¤°ğŸ»,ğŸ¤°ğŸ¼,ğŸ¤°ğŸ½,ğŸ¤°ğŸ¾,ğŸ¤°ğŸ¿
ğŸ«ƒ,pregnant man pregnant man seahorse dad expecting baby bump trans dad,ğŸ«ƒğŸ»,ğŸ«ƒğŸ»,ğŸ«ƒğŸ¼,ğŸ«ƒğŸ»,ğŸ«ƒğŸ¼,ğŸ«ƒğŸ½,ğŸ«ƒğŸ»,ğŸ«ƒğŸ¼,ğŸ«ƒğŸ½,ğŸ«ƒğŸ¾,ğŸ«ƒğŸ»,ğŸ«ƒğŸ¼,ğŸ«ƒğŸ½,ğŸ«ƒğŸ¾,ğŸ«ƒğŸ¿
ğŸ«„,pregnant person pregnant person expecting parent baby loading bun in the oven gender neutral,ğŸ«„ğŸ»,ğŸ«„ğŸ»,ğŸ«„ğŸ¼,ğŸ«„ğŸ»,ğŸ«„ğŸ¼,ğŸ«„ğŸ½,ğŸ«„ğŸ»,ğŸ«„ğŸ¼,ğŸ«„ğŸ½,ğŸ«„ğŸ¾,ğŸ«„ğŸ»,ğŸ«„ğŸ¼,ğŸ«„ğŸ½,ğŸ«„ğŸ¾,ğŸ«„ğŸ¿
ğŸ¤±,breast-feeding breastfeeding new mom mom life nursing liquid gold,ğŸ¤±ğŸ»,ğŸ¤±ğŸ»,ğŸ¤±ğŸ¼,ğŸ¤±ğŸ»,ğŸ¤±ğŸ¼,ğŸ¤±ğŸ½,ğŸ¤±ğŸ»,ğŸ¤±ğŸ¼,ğŸ¤±ğŸ½,ğŸ¤±ğŸ¾,ğŸ¤±ğŸ»,ğŸ¤±ğŸ¼,ğŸ¤±ğŸ½,ğŸ¤±ğŸ¾,ğŸ¤±ğŸ¿
ğŸ‘©â€ğŸ¼,woman feeding baby new mom mom life bottle feeding caring motherhood,ğŸ‘©ğŸ»â€ğŸ¼,ğŸ‘©ğŸ»â€ğŸ¼,ğŸ‘©ğŸ¼â€ğŸ¼,ğŸ‘©ğŸ»â€ğŸ¼,ğŸ‘©ğŸ¼â€ğŸ¼,ğŸ‘©ğŸ½â€ğŸ¼,ğŸ‘©ğŸ»â€ğŸ¼,ğŸ‘©ğŸ¼â€ğŸ¼,ğŸ‘©ğŸ½â€ğŸ¼,ğŸ‘©ğŸ¾â€ğŸ¼,ğŸ‘©ğŸ»â€ğŸ¼,ğŸ‘©ğŸ¼â€ğŸ¼,ğŸ‘©ğŸ½â€ğŸ¼,ğŸ‘©ğŸ¾â€ğŸ¼,ğŸ‘©ğŸ¿â€ğŸ¼
ğŸ‘¨â€ğŸ¼,man feeding baby new dad dad life bottle feeding caring fatherhood,ğŸ‘¨ğŸ»â€ğŸ¼,ğŸ‘¨ğŸ»â€ğŸ¼,ğŸ‘¨ğŸ¼â€ğŸ¼,ğŸ‘¨ğŸ»â€ğŸ¼,ğŸ‘¨ğŸ¼â€ğŸ¼,ğŸ‘¨ğŸ½â€ğŸ¼,ğŸ‘¨ğŸ»â€ğŸ¼,ğŸ‘¨ğŸ¼â€ğŸ¼,ğŸ‘¨ğŸ½â€ğŸ¼,ğŸ‘¨ğŸ¾â€ğŸ¼,ğŸ‘¨ğŸ»â€ğŸ¼,ğŸ‘¨ğŸ¼â€ğŸ¼,ğŸ‘¨ğŸ½â€ğŸ¼,ğŸ‘¨ğŸ¾â€ğŸ¼,ğŸ‘¨ğŸ¿â€ğŸ¼
ğŸ§‘â€ğŸ¼,person feeding baby new parent parent life bottle feeding caring parenthood,ğŸ§‘ğŸ»â€ğŸ¼,ğŸ§‘ğŸ»â€ğŸ¼,ğŸ§‘ğŸ¼â€ğŸ¼,ğŸ§‘ğŸ»â€ğŸ¼,ğŸ§‘ğŸ¼â€ğŸ¼,ğŸ§‘ğŸ½â€ğŸ¼,ğŸ§‘ğŸ»â€ğŸ¼,ğŸ§‘ğŸ¼â€ğŸ¼,ğŸ§‘ğŸ½â€ğŸ¼,ğŸ§‘ğŸ¾â€ğŸ¼,ğŸ§‘ğŸ»â€ğŸ¼,ğŸ§‘ğŸ¼â€ğŸ¼,ğŸ§‘ğŸ½â€ğŸ¼,ğŸ§‘ğŸ¾â€ğŸ¼,ğŸ§‘ğŸ¿â€ğŸ¼
ğŸ‘¼,baby angel angel cherub innocent blessed heaven sent,ğŸ‘¼ğŸ»,ğŸ‘¼ğŸ»,ğŸ‘¼ğŸ¼,ğŸ‘¼ğŸ»,ğŸ‘¼ğŸ¼,ğŸ‘¼ğŸ½,ğŸ‘¼ğŸ»,ğŸ‘¼ğŸ¼,ğŸ‘¼ğŸ½,ğŸ‘¼ğŸ¾,ğŸ‘¼ğŸ»,ğŸ‘¼ğŸ¼,ğŸ‘¼ğŸ½,ğŸ‘¼ğŸ¾,ğŸ‘¼ğŸ¿
ğŸ…,Santa Claus santa christmas vibes holiday season naughty or nice sleigh,ğŸ…ğŸ»,ğŸ…ğŸ»,ğŸ…ğŸ¼,ğŸ…ğŸ»,ğŸ…ğŸ¼,ğŸ…ğŸ½,ğŸ…ğŸ»,ğŸ…ğŸ¼,ğŸ…ğŸ½,ğŸ…ğŸ¾,ğŸ…ğŸ»,ğŸ…ğŸ¼,ğŸ…ğŸ½,ğŸ…ğŸ¾,ğŸ…ğŸ¿
ğŸ¤¶,Mrs. Claus mrs claus christmas queen holiday baking festive north pole,ğŸ¤¶ğŸ»,ğŸ¤¶ğŸ»,ğŸ¤¶ğŸ¼,ğŸ¤¶ğŸ»,ğŸ¤¶ğŸ¼,ğŸ¤¶ğŸ½,ğŸ¤¶ğŸ»,ğŸ¤¶ğŸ¼,ğŸ¤¶ğŸ½,ğŸ¤¶ğŸ¾,ğŸ¤¶ğŸ»,ğŸ¤¶ğŸ¼,ğŸ¤¶ğŸ½,ğŸ¤¶ğŸ¾,ğŸ¤¶ğŸ¿
ğŸ§‘â€ğŸ„,mx claus mx claus gender neutral santa holiday spirit festive christmas time,ğŸ§‘ğŸ»â€ğŸ„,ğŸ§‘ğŸ»â€ğŸ„,ğŸ§‘ğŸ¼â€ğŸ„,ğŸ§‘ğŸ»â€ğŸ„,ğŸ§‘ğŸ¼â€ğŸ„,ğŸ§‘ğŸ½â€ğŸ„,ğŸ§‘ğŸ»â€ğŸ„,ğŸ§‘ğŸ¼â€ğŸ„,ğŸ§‘ğŸ½â€ğŸ„,ğŸ§‘ğŸ¾â€ğŸ„,ğŸ§‘ğŸ»â€ğŸ„,ğŸ§‘ğŸ¼â€ğŸ„,ğŸ§‘ğŸ½â€ğŸ„,ğŸ§‘ğŸ¾â€ğŸ„,ğŸ§‘ğŸ¿â€ğŸ„
ğŸ¦¸,superhero superhero main character marvel dc saving the day,ğŸ¦¸ğŸ»,ğŸ¦¸ğŸ»,ğŸ¦¸ğŸ¼,ğŸ¦¸ğŸ»,ğŸ¦¸ğŸ¼,ğŸ¦¸ğŸ½,ğŸ¦¸ğŸ»,ğŸ¦¸ğŸ¼,ğŸ¦¸ğŸ½,ğŸ¦¸ğŸ¾,ğŸ¦¸ğŸ»,ğŸ¦¸ğŸ¼,ğŸ¦¸ğŸ½,ğŸ¦¸ğŸ¾,ğŸ¦¸ğŸ¿
ğŸ¦¸â€â™‚ï¸,man superhero superhero main character marvel dc saving the day,ğŸ¦¸ğŸ»â€â™‚ï¸,ğŸ¦¸ğŸ»â€â™‚ï¸,ğŸ¦¸ğŸ¼â€â™‚ï¸,ğŸ¦¸ğŸ»â€â™‚ï¸,ğŸ¦¸ğŸ¼â€â™‚ï¸,ğŸ¦¸ğŸ½â€â™‚ï¸,ğŸ¦¸ğŸ»â€â™‚ï¸,ğŸ¦¸ğŸ¼â€â™‚ï¸,ğŸ¦¸ğŸ½â€â™‚ï¸,ğŸ¦¸ğŸ¾â€â™‚ï¸,ğŸ¦¸ğŸ»â€â™‚ï¸,ğŸ¦¸ğŸ¼â€â™‚ï¸,ğŸ¦¸ğŸ½â€â™‚ï¸,ğŸ¦¸ğŸ¾â€â™‚ï¸,ğŸ¦¸ğŸ¿â€â™‚ï¸
ğŸ¦¸â€â™€ï¸,woman superhero superheroine main character marvel dc saving the day,ğŸ¦¸ğŸ»â€â™€ï¸,ğŸ¦¸ğŸ»â€â™€ï¸,ğŸ¦¸ğŸ¼â€â™€ï¸,ğŸ¦¸ğŸ»â€â™€ï¸,ğŸ¦¸ğŸ¼â€â™€ï¸,ğŸ¦¸ğŸ½â€â™€ï¸,ğŸ¦¸ğŸ»â€â™€ï¸,ğŸ¦¸ğŸ¼â€â™€ï¸,ğŸ¦¸ğŸ½â€â™€ï¸,ğŸ¦¸ğŸ¾â€â™€ï¸,ğŸ¦¸ğŸ»â€â™€ï¸,ğŸ¦¸ğŸ¼â€â™€ï¸,ğŸ¦¸ğŸ½â€â™€ï¸,ğŸ¦¸ğŸ¾â€â™€ï¸,ğŸ¦¸ğŸ¿â€â™€ï¸
ğŸ¦¹,supervillain supervillain villain era joker chaos anti-hero,ğŸ¦¹ğŸ»,ğŸ¦¹ğŸ»,ğŸ¦¹ğŸ¼,ğŸ¦¹ğŸ»,ğŸ¦¹ğŸ¼,ğŸ¦¹ğŸ½,ğŸ¦¹ğŸ»,ğŸ¦¹ğŸ¼,ğŸ¦¹ğŸ½,ğŸ¦¹ğŸ¾,ğŸ¦¹ğŸ»,ğŸ¦¹ğŸ¼,ğŸ¦¹ğŸ½,ğŸ¦¹ğŸ¾,ğŸ¦¹ğŸ¿
ğŸ¦¹â€â™‚ï¸,man supervillain supervillain villain era joker chaos anti-hero,ğŸ¦¹ğŸ»â€â™‚ï¸,ğŸ¦¹ğŸ»â€â™‚ï¸,ğŸ¦¹ğŸ¼â€â™‚ï¸,ğŸ¦¹ğŸ»â€â™‚ï¸,ğŸ¦¹ğŸ¼â€â™‚ï¸,ğŸ¦¹ğŸ½â€â™‚ï¸,ğŸ¦¹ğŸ»â€â™‚ï¸,ğŸ¦¹ğŸ¼â€â™‚ï¸,ğŸ¦¹ğŸ½â€â™‚ï¸,ğŸ¦¹ğŸ¾â€â™‚ï¸,ğŸ¦¹ğŸ»â€â™‚ï¸,ğŸ¦¹ğŸ¼â€â™‚ï¸,ğŸ¦¹ğŸ½â€â™‚ï¸,ğŸ¦¹ğŸ¾â€â™‚ï¸,ğŸ¦¹ğŸ¿â€â™‚ï¸
ğŸ¦¹â€â™€ï¸,woman supervillain supervillainess villain era joker chaos anti-hero,ğŸ¦¹ğŸ»â€â™€ï¸,ğŸ¦¹ğŸ»â€â™€ï¸,ğŸ¦¹ğŸ¼â€â™€ï¸,ğŸ¦¹ğŸ»â€â™€ï¸,ğŸ¦¹ğŸ¼â€â™€ï¸,ğŸ¦¹ğŸ½â€â™€ï¸,ğŸ¦¹ğŸ»â€â™€ï¸,ğŸ¦¹ğŸ¼â€â™€ï¸,ğŸ¦¹ğŸ½â€â™€ï¸,ğŸ¦¹ğŸ¾â€â™€ï¸,ğŸ¦¹ğŸ»â€â™€ï¸,ğŸ¦¹ğŸ¼â€â™€ï¸,ğŸ¦¹ğŸ½â€â™€ï¸,ğŸ¦¹ğŸ¾â€â™€ï¸,ğŸ¦¹ğŸ¿â€â™€ï¸
ğŸ§™,mage wizard harry potter magic dnd spellcaster,ğŸ§™ğŸ»,ğŸ§™ğŸ»,ğŸ§™ğŸ¼,ğŸ§™ğŸ»,ğŸ§™ğŸ¼,ğŸ§™ğŸ½,ğŸ§™ğŸ»,ğŸ§™ğŸ¼,ğŸ§™ğŸ½,ğŸ§™ğŸ¾,ğŸ§™ğŸ»,ğŸ§™ğŸ¼,ğŸ§™ğŸ½,ğŸ§™ğŸ¾,ğŸ§™ğŸ¿
ğŸ§™â€â™‚ï¸,man mage wizard harry potter magic dnd spellcaster,ğŸ§™ğŸ»â€â™‚ï¸,ğŸ§™ğŸ»â€â™‚ï¸,ğŸ§™ğŸ¼â€â™‚ï¸,ğŸ§™ğŸ»â€â™‚ï¸,ğŸ§™ğŸ¼â€â™‚ï¸,ğŸ§™ğŸ½â€â™‚ï¸,ğŸ§™ğŸ»â€â™‚ï¸,ğŸ§™ğŸ¼â€â™‚ï¸,ğŸ§™ğŸ½â€â™‚ï¸,ğŸ§™ğŸ¾â€â™‚ï¸,ğŸ§™ğŸ»â€â™‚ï¸,ğŸ§™ğŸ¼â€â™‚ï¸,ğŸ§™ğŸ½â€â™‚ï¸,ğŸ§™ğŸ¾â€â™‚ï¸,ğŸ§™ğŸ¿â€â™‚ï¸
ğŸ§™â€â™€ï¸,woman mage witch sabrina magic dnd spellcaster,ğŸ§™ğŸ»â€â™€ï¸,ğŸ§™ğŸ»â€â™€ï¸,ğŸ§™ğŸ¼â€â™€ï¸,ğŸ§™ğŸ»â€â™€ï¸,ğŸ§™ğŸ¼â€â™€ï¸,ğŸ§™ğŸ½â€â™€ï¸,ğŸ§™ğŸ»â€â™€ï¸,ğŸ§™ğŸ¼â€â™€ï¸,ğŸ§™ğŸ½â€â™€ï¸,ğŸ§™ğŸ¾â€â™€ï¸,ğŸ§™ğŸ»â€â™€ï¸,ğŸ§™ğŸ¼â€â™€ï¸,ğŸ§™ğŸ½â€â™€ï¸,ğŸ§™ğŸ¾â€â™€ï¸,ğŸ§™ğŸ¿â€â™€ï¸
ğŸ§š,fairy fairycore cottagecore magical tinkerbell ethereal,ğŸ§šğŸ»,ğŸ§šğŸ»,ğŸ§šğŸ¼,ğŸ§šğŸ»,ğŸ§šğŸ¼,ğŸ§šğŸ½,ğŸ§šğŸ»,ğŸ§šğŸ¼,ğŸ§šğŸ½,ğŸ§šğŸ¾,ğŸ§šğŸ»,ğŸ§šğŸ¼,ğŸ§šğŸ½,ğŸ§šğŸ¾,ğŸ§šğŸ¿
ğŸ§šâ€â™‚ï¸,man fairy fairycore cottagecore magical ethereal fantasy,ğŸ§šğŸ»â€â™‚ï¸,ğŸ§šğŸ»â€â™‚ï¸,ğŸ§šğŸ¼â€â™‚ï¸,ğŸ§šğŸ»â€â™‚ï¸,ğŸ§šğŸ¼â€â™‚ï¸,ğŸ§šğŸ½â€â™‚ï¸,ğŸ§šğŸ»â€â™‚ï¸,ğŸ§šğŸ¼â€â™‚ï¸,ğŸ§šğŸ½â€â™‚ï¸,ğŸ§šğŸ¾â€â™‚ï¸,ğŸ§šğŸ»â€â™‚ï¸,ğŸ§šğŸ¼â€â™‚ï¸,ğŸ§šğŸ½â€â™‚ï¸,ğŸ§šğŸ¾â€â™‚ï¸,ğŸ§šğŸ¿â€â™‚ï¸
ğŸ§šâ€â™€ï¸,woman fairy fairycore cottagecore magical tinkerbell ethereal,ğŸ§šğŸ»â€â™€ï¸,ğŸ§šğŸ»â€â™€ï¸,ğŸ§šğŸ¼â€â™€ï¸,ğŸ§šğŸ»â€â™€ï¸,ğŸ§šğŸ¼â€â™€ï¸,ğŸ§šğŸ½â€â™€ï¸,ğŸ§šğŸ»â€â™€ï¸,ğŸ§šğŸ¼â€â™€ï¸,ğŸ§šğŸ½â€â™€ï¸,ğŸ§šğŸ¾â€â™€ï¸,ğŸ§šğŸ»â€â™€ï¸,ğŸ§šğŸ¼â€â™€ï¸,ğŸ§šğŸ½â€â™€ï¸,ğŸ§šğŸ¾â€â™€ï¸,ğŸ§šğŸ¿â€â™€ï¸
ğŸ§›,vampire vampire twilight dracula goth thirsty,ğŸ§›ğŸ»,ğŸ§›ğŸ»,ğŸ§›ğŸ¼,ğŸ§›ğŸ»,ğŸ§›ğŸ¼,ğŸ§›ğŸ½,ğŸ§›ğŸ»,ğŸ§›ğŸ¼,ğŸ§›ğŸ½,ğŸ§›ğŸ¾,ğŸ§›ğŸ»,ğŸ§›ğŸ¼,ğŸ§›ğŸ½,ğŸ§›ğŸ¾,ğŸ§›ğŸ¿
ğŸ§›â€â™‚ï¸,man vampire vampire twilight dracula goth thirsty,ğŸ§›ğŸ»â€â™‚ï¸,ğŸ§›ğŸ»â€â™‚ï¸,ğŸ§›ğŸ¼â€â™‚ï¸,ğŸ§›ğŸ»â€â™‚ï¸,ğŸ§›ğŸ¼â€â™‚ï¸,ğŸ§›ğŸ½â€â™‚ï¸,ğŸ§›ğŸ»â€â™‚ï¸,ğŸ§›ğŸ¼â€â™‚ï¸,ğŸ§›ğŸ½â€â™‚ï¸,ğŸ§›ğŸ¾â€â™‚ï¸,ğŸ§›ğŸ»â€â™‚ï¸,ğŸ§›ğŸ¼â€â™‚ï¸,ğŸ§›ğŸ½â€â™‚ï¸,ğŸ§›ğŸ¾â€â™‚ï¸,ğŸ§›ğŸ¿â€â™‚ï¸
ğŸ§›â€â™€ï¸,woman vampire vampire twilight dracula goth thirsty,ğŸ§›ğŸ»â€â™€ï¸,ğŸ§›ğŸ»â€â™€ï¸,ğŸ§›ğŸ¼â€â™€ï¸,ğŸ§›ğŸ»â€â™€ï¸,ğŸ§›ğŸ¼â€â™€ï¸,ğŸ§›ğŸ½â€â™€ï¸,ğŸ§›ğŸ»â€â™€ï¸,ğŸ§›ğŸ¼â€â™€ï¸,ğŸ§›ğŸ½â€â™€ï¸,ğŸ§›ğŸ¾â€â™€ï¸,ğŸ§›ğŸ»â€â™€ï¸,ğŸ§›ğŸ¼â€â™€ï¸,ğŸ§›ğŸ½â€â™€ï¸,ğŸ§›ğŸ¾â€â™€ï¸,ğŸ§›ğŸ¿â€â™€ï¸
ğŸ§œ,merperson merperson siren the little mermaid ocean vibes ariel,ğŸ§œğŸ»,ğŸ§œğŸ»,ğŸ§œğŸ¼,ğŸ§œğŸ»,ğŸ§œğŸ¼,ğŸ§œğŸ½,ğŸ§œğŸ»,ğŸ§œğŸ¼,ğŸ§œğŸ½,ğŸ§œğŸ¾,ğŸ§œğŸ»,ğŸ§œğŸ¼,ğŸ§œğŸ½,ğŸ§œğŸ¾,ğŸ§œğŸ¿
ğŸ§œâ€â™‚ï¸,merman merman aquaman king triton ocean vibes fantasy,ğŸ§œğŸ»â€â™‚ï¸,ğŸ§œğŸ»â€â™‚ï¸,ğŸ§œğŸ¼â€â™‚ï¸,ğŸ§œğŸ»â€â™‚ï¸,ğŸ§œğŸ¼â€â™‚ï¸,ğŸ§œğŸ½â€â™‚ï¸,ğŸ§œğŸ»â€â™‚ï¸,ğŸ§œğŸ¼â€â™‚ï¸,ğŸ§œğŸ½â€â™‚ï¸,ğŸ§œğŸ¾â€â™‚ï¸,ğŸ§œğŸ»â€â™‚ï¸,ğŸ§œğŸ¼â€â™‚ï¸,ğŸ§œğŸ½â€â™‚ï¸,ğŸ§œğŸ¾â€â™‚ï¸,ğŸ§œğŸ¿â€â™‚ï¸
ğŸ§œâ€â™€ï¸,mermaid mermaid siren the little mermaid ocean vibes ariel,ğŸ§œğŸ»â€â™€ï¸,ğŸ§œğŸ»â€â™€ï¸,ğŸ§œğŸ¼â€â™€ï¸,ğŸ§œğŸ»â€â™€ï¸,ğŸ§œğŸ¼â€â™€ï¸,ğŸ§œğŸ½â€â™€ï¸,ğŸ§œğŸ»â€â™€ï¸,ğŸ§œğŸ¼â€â™€ï¸,ğŸ§œğŸ½â€â™€ï¸,ğŸ§œğŸ¾â€â™€ï¸,ğŸ§œğŸ»â€â™€ï¸,ğŸ§œğŸ¼â€â™€ï¸,ğŸ§œğŸ½â€â™€ï¸,ğŸ§œğŸ¾â€â™€ï¸,ğŸ§œğŸ¿â€â™€ï¸
ğŸ§,elf elf lord of the rings fantasy legolas magical,ğŸ§ğŸ»,ğŸ§ğŸ»,ğŸ§ğŸ¼,ğŸ§ğŸ»,ğŸ§ğŸ¼,ğŸ§ğŸ½,ğŸ§ğŸ»,ğŸ§ğŸ¼,ğŸ§ğŸ½,ğŸ§ğŸ¾,ğŸ§ğŸ»,ğŸ§ğŸ¼,ğŸ§ğŸ½,ğŸ§ğŸ¾,ğŸ§ğŸ¿
ğŸ§â€â™‚ï¸,man elf elf lord of the rings fantasy legolas magical,ğŸ§ğŸ»â€â™‚ï¸,ğŸ§ğŸ»â€â™‚ï¸,ğŸ§ğŸ¼â€â™‚ï¸,ğŸ§ğŸ»â€â™‚ï¸,ğŸ§ğŸ¼â€â™‚ï¸,ğŸ§ğŸ½â€â™‚ï¸,ğŸ§ğŸ»â€â™‚ï¸,ğŸ§ğŸ¼â€â™‚ï¸,ğŸ§ğŸ½â€â™‚ï¸,ğŸ§ğŸ¾â€â™‚ï¸,ğŸ§ğŸ»â€â™‚ï¸,ğŸ§ğŸ¼â€â™‚ï¸,ğŸ§ğŸ½â€â™‚ï¸,ğŸ§ğŸ¾â€â™‚ï¸,ğŸ§ğŸ¿â€â™‚ï¸
ğŸ§â€â™€ï¸,woman elf elf lord of the rings fantasy galadriel magical,ğŸ§ğŸ»â€â™€ï¸,ğŸ§ğŸ»â€â™€ï¸,ğŸ§ğŸ¼â€â™€ï¸,ğŸ§ğŸ»â€â™€ï¸,ğŸ§ğŸ¼â€â™€ï¸,ğŸ§ğŸ½â€â™€ï¸,ğŸ§ğŸ»â€â™€ï¸,ğŸ§ğŸ¼â€â™€ï¸,ğŸ§ğŸ½â€â™€ï¸,ğŸ§ğŸ¾â€â™€ï¸,ğŸ§ğŸ»â€â™€ï¸,ğŸ§ğŸ¼â€â™€ï¸,ğŸ§ğŸ½â€â™€ï¸,ğŸ§ğŸ¾â€â™€ï¸,ğŸ§ğŸ¿â€â™€ï¸
ğŸ§,genie genie wish granted aladdin magical three wishes
ğŸ§â€â™‚ï¸,man genie man genie wish granted aladdin magical three wishes
ğŸ§â€â™€ï¸,woman genie woman genie wish granted aladdin magical three wishes
ğŸ§Ÿ,zombie zombie dead inside apocalypse the walking dead no thoughts head empty
ğŸ§Ÿâ€â™‚ï¸,man zombie man zombie dead inside apocalypse the walking dead no thoughts head empty
ğŸ§Ÿâ€â™€ï¸,woman zombie woman zombie dead inside apocalypse the walking dead no thoughts head empty
ğŸ§Œ,troll internet troll don't feed the trolls hater goblin mode
ğŸ’†,person getting massage self care day spa day treat yourself relax massage,ğŸ’†ğŸ»,ğŸ’†ğŸ»,ğŸ’†ğŸ¼,ğŸ’†ğŸ»,ğŸ’†ğŸ¼,ğŸ’†ğŸ½,ğŸ’†ğŸ»,ğŸ’†ğŸ¼,ğŸ’†ğŸ½,ğŸ’†ğŸ¾,ğŸ’†ğŸ»,ğŸ’†ğŸ¼,ğŸ’†ğŸ½,ğŸ’†ğŸ¾,ğŸ’†ğŸ¿
ğŸ’†â€â™‚ï¸,man getting massage self care day spa day treat yourself relax massage,ğŸ’†ğŸ»â€â™‚ï¸,ğŸ’†ğŸ»â€â™‚ï¸,ğŸ’†ğŸ¼â€â™‚ï¸,ğŸ’†ğŸ»â€â™‚ï¸,ğŸ’†ğŸ¼â€â™‚ï¸,ğŸ’†ğŸ½â€â™‚ï¸,ğŸ’†ğŸ»â€â™‚ï¸,ğŸ’†ğŸ¼â€â™‚ï¸,ğŸ’†ğŸ½â€â™‚ï¸,ğŸ’†ğŸ¾â€â™‚ï¸,ğŸ’†ğŸ»â€â™‚ï¸,ğŸ’†ğŸ¼â€â™‚ï¸,ğŸ’†ğŸ½â€â™‚ï¸,ğŸ’†ğŸ¾â€â™‚ï¸,ğŸ’†ğŸ¿â€â™‚ï¸
ğŸ’†â€â™€ï¸,woman getting massage self care day spa day treat yourself relax massage,ğŸ’†ğŸ»â€â™€ï¸,ğŸ’†ğŸ»â€â™€ï¸,ğŸ’†ğŸ¼â€â™€ï¸,ğŸ’†ğŸ»â€â™€ï¸,ğŸ’†ğŸ¼â€â™€ï¸,ğŸ’†ğŸ½â€â™€ï¸,ğŸ’†ğŸ»â€â™€ï¸,ğŸ’†ğŸ¼â€â™€ï¸,ğŸ’†ğŸ½â€â™€ï¸,ğŸ’†ğŸ¾â€â™€ï¸,ğŸ’†ğŸ»â€â™€ï¸,ğŸ’†ğŸ¼â€â™€ï¸,ğŸ’†ğŸ½â€â™€ï¸,ğŸ’†ğŸ¾â€â™€ï¸,ğŸ’†ğŸ¿â€â™€ï¸
ğŸ’‡,person getting haircut new hair new me glow up haircut fresh cut,ğŸ’‡ğŸ»,ğŸ’‡ğŸ»,ğŸ’‡ğŸ¼,ğŸ’‡ğŸ»,ğŸ’‡ğŸ¼,ğŸ’‡ğŸ½,ğŸ’‡ğŸ»,ğŸ’‡ğŸ¼,ğŸ’‡ğŸ½,ğŸ’‡ğŸ¾,ğŸ’‡ğŸ»,ğŸ’‡ğŸ¼,ğŸ’‡ğŸ½,ğŸ’‡ğŸ¾,ğŸ’‡ğŸ¿
ğŸ’‡â€â™‚ï¸,man getting haircut new hair new me glow up haircut fresh cut,ğŸ’‡ğŸ»â€â™‚ï¸,ğŸ’‡ğŸ»â€â™‚ï¸,ğŸ’‡ğŸ¼â€â™‚ï¸,ğŸ’‡ğŸ»â€â™‚ï¸,ğŸ’‡ğŸ¼â€â™‚ï¸,ğŸ’‡ğŸ½â€â™‚ï¸,ğŸ’‡ğŸ»â€â™‚ï¸,ğŸ’‡ğŸ¼â€â™‚ï¸,ğŸ’‡ğŸ½â€â™‚ï¸,ğŸ’‡ğŸ¾â€â™‚ï¸,ğŸ’‡ğŸ»â€â™‚ï¸,ğŸ’‡ğŸ¼â€â™‚ï¸,ğŸ’‡ğŸ½â€â™‚ï¸,ğŸ’‡ğŸ¾â€â™‚ï¸,ğŸ’‡ğŸ¿â€â™‚ï¸
ğŸ’‡â€â™€ï¸,woman getting haircut new hair new me glow up haircut fresh cut,ğŸ’‡ğŸ»â€â™€ï¸,ğŸ’‡ğŸ»â€â™€ï¸,ğŸ’‡ğŸ¼â€â™€ï¸,ğŸ’‡ğŸ»â€â™€ï¸,ğŸ’‡ğŸ¼â€â™€ï¸,ğŸ’‡ğŸ½â€â™€ï¸,ğŸ’‡ğŸ»â€â™€ï¸,ğŸ’‡ğŸ¼â€â™€ï¸,ğŸ’‡ğŸ½â€â™€ï¸,ğŸ’‡ğŸ¾â€â™€ï¸,ğŸ’‡ğŸ»â€â™€ï¸,ğŸ’‡ğŸ¼â€â™€ï¸,ğŸ’‡ğŸ½â€â™€ï¸,ğŸ’‡ğŸ¾â€â™€ï¸,ğŸ’‡ğŸ¿â€â™€ï¸
ğŸš¶,person walking hot girl walk on my way leaving steps,ğŸš¶ğŸ»,ğŸš¶ğŸ»,ğŸš¶ğŸ¼,ğŸš¶ğŸ»,ğŸš¶ğŸ¼,ğŸš¶ğŸ½,ğŸš¶ğŸ»,ğŸš¶ğŸ¼,ğŸš¶ğŸ½,ğŸš¶ğŸ¾,ğŸš¶ğŸ»,ğŸš¶ğŸ¼,ğŸš¶ğŸ½,ğŸš¶ğŸ¾,ğŸš¶ğŸ¿
ğŸš¶â€â™‚ï¸,man walking on my way leaving taking a stroll steps,ğŸš¶ğŸ»â€â™‚ï¸,ğŸš¶ğŸ»â€â™‚ï¸,ğŸš¶ğŸ¼â€â™‚ï¸,ğŸš¶ğŸ»â€â™‚ï¸,ğŸš¶ğŸ¼â€â™‚ï¸,ğŸš¶ğŸ½â€â™‚ï¸,ğŸš¶ğŸ»â€â™‚ï¸,ğŸš¶ğŸ¼â€â™‚ï¸,ğŸš¶ğŸ½â€â™‚ï¸,ğŸš¶ğŸ¾â€â™‚ï¸,ğŸš¶ğŸ»â€â™‚ï¸,ğŸš¶ğŸ¼â€â™‚ï¸,ğŸš¶ğŸ½â€â™‚ï¸,ğŸš¶ğŸ¾â€â™‚ï¸,ğŸš¶ğŸ¿â€â™‚ï¸
ğŸš¶â€â™€ï¸,woman walking hot girl walk on my way leaving steps,ğŸš¶ğŸ»â€â™€ï¸,ğŸš¶ğŸ»â€â™€ï¸,ğŸš¶ğŸ¼â€â™€ï¸,ğŸš¶ğŸ»â€â™€ï¸,ğŸš¶ğŸ¼â€â™€ï¸,ğŸš¶ğŸ½â€â™€ï¸,ğŸš¶ğŸ»â€â™€ï¸,ğŸš¶ğŸ¼â€â™€ï¸,ğŸš¶ğŸ½â€â™€ï¸,ğŸš¶ğŸ¾â€â™€ï¸,ğŸš¶ğŸ»â€â™€ï¸,ğŸš¶ğŸ¼â€â™€ï¸,ğŸš¶ğŸ½â€â™€ï¸,ğŸš¶ğŸ¾â€â™€ï¸,ğŸš¶ğŸ¿â€â™€ï¸
ğŸ§,person standing awkward just standing here waiting patiently npc,ğŸ§ğŸ»,ğŸ§ğŸ»,ğŸ§ğŸ¼,ğŸ§ğŸ»,ğŸ§ğŸ¼,ğŸ§ğŸ½,ğŸ§ğŸ»,ğŸ§ğŸ¼,ğŸ§ğŸ½,ğŸ§ğŸ¾,ğŸ§ğŸ»,ğŸ§ğŸ¼,ğŸ§ğŸ½,ğŸ§ğŸ¾,ğŸ§ğŸ¿
ğŸ§â€â™‚ï¸,man standing awkward just standing here waiting patiently npc,ğŸ§ğŸ»â€â™‚ï¸,ğŸ§ğŸ»â€â™‚ï¸,ğŸ§ğŸ¼â€â™‚ï¸,ğŸ§ğŸ»â€â™‚ï¸,ğŸ§ğŸ¼â€â™‚ï¸,ğŸ§ğŸ½â€â™‚ï¸,ğŸ§ğŸ»â€â™‚ï¸,ğŸ§ğŸ¼â€â™‚ï¸,ğŸ§ğŸ½â€â™‚ï¸,ğŸ§ğŸ¾â€â™‚ï¸,ğŸ§ğŸ»â€â™‚ï¸,ğŸ§ğŸ¼â€â™‚ï¸,ğŸ§ğŸ½â€â™‚ï¸,ğŸ§ğŸ¾â€â™‚ï¸,ğŸ§ğŸ¿â€â™‚ï¸
ğŸ§â€â™€ï¸,woman standing awkward just standing here waiting patiently npc,ğŸ§ğŸ»â€â™€ï¸,ğŸ§ğŸ»â€â™€ï¸,ğŸ§ğŸ¼â€â™€ï¸,ğŸ§ğŸ»â€â™€ï¸,ğŸ§ğŸ¼â€â™€ï¸,ğŸ§ğŸ½â€â™€ï¸,ğŸ§ğŸ»â€â™€ï¸,ğŸ§ğŸ¼â€â™€ï¸,ğŸ§ğŸ½â€â™€ï¸,ğŸ§ğŸ¾â€â™€ï¸,ğŸ§ğŸ»â€â™€ï¸,ğŸ§ğŸ¼â€â™€ï¸,ğŸ§ğŸ½â€â™€ï¸,ğŸ§ğŸ¾â€â™€ï¸,ğŸ§ğŸ¿â€â™€ï¸
ğŸ§,person kneeling on my knees begging simping down bad,ğŸ§ğŸ»,ğŸ§ğŸ»,ğŸ§ğŸ¼,ğŸ§ğŸ»,ğŸ§ğŸ¼,ğŸ§ğŸ½,ğŸ§ğŸ»,ğŸ§ğŸ¼,ğŸ§ğŸ½,ğŸ§ğŸ¾,ğŸ§ğŸ»,ğŸ§ğŸ¼,ğŸ§ğŸ½,ğŸ§ğŸ¾,ğŸ§ğŸ¿
ğŸ§â€â™‚ï¸,man kneeling on my knees begging simping down bad,ğŸ§ğŸ»â€â™‚ï¸,ğŸ§ğŸ»â€â™‚ï¸,ğŸ§ğŸ¼â€â™‚ï¸,ğŸ§ğŸ»â€â™‚ï¸,ğŸ§ğŸ¼â€â™‚ï¸,ğŸ§ğŸ½â€â™‚ï¸,ğŸ§ğŸ»â€â™‚ï¸,ğŸ§ğŸ¼â€â™‚ï¸,ğŸ§ğŸ½â€â™‚ï¸,ğŸ§ğŸ¾â€â™‚ï¸,ğŸ§ğŸ»â€â™‚ï¸,ğŸ§ğŸ¼â€â™‚ï¸,ğŸ§ğŸ½â€â™‚ï¸,ğŸ§ğŸ¾â€â™‚ï¸,ğŸ§ğŸ¿â€â™‚ï¸
ğŸ§â€â™€ï¸,woman kneeling on my knees begging simping down bad,ğŸ§ğŸ»â€â™€ï¸,ğŸ§ğŸ»â€â™€ï¸,ğŸ§ğŸ¼â€â™€ï¸,ğŸ§ğŸ»â€â™€ï¸,ğŸ§ğŸ¼â€â™€ï¸,ğŸ§ğŸ½â€â™€ï¸,ğŸ§ğŸ»â€â™€ï¸,ğŸ§ğŸ¼â€â™€ï¸,ğŸ§ğŸ½â€â™€ï¸,ğŸ§ğŸ¾â€â™€ï¸,ğŸ§ğŸ»â€â™€ï¸,ğŸ§ğŸ¼â€â™€ï¸,ğŸ§ğŸ½â€â™€ï¸,ğŸ§ğŸ¾â€â™€ï¸,ğŸ§ğŸ¿â€â™€ï¸
ğŸ§‘â€ğŸ¦¯,person with white cane visually impaired blind person accessibility independence,ğŸ§‘ğŸ»â€ğŸ¦¯,ğŸ§‘ğŸ»â€ğŸ¦¯,ğŸ§‘ğŸ¼â€ğŸ¦¯,ğŸ§‘ğŸ»â€ğŸ¦¯,ğŸ§‘ğŸ¼â€ğŸ¦¯,ğŸ§‘ğŸ½â€ğŸ¦¯,ğŸ§‘ğŸ»â€ğŸ¦¯,ğŸ§‘ğŸ¼â€ğŸ¦¯,ğŸ§‘ğŸ½â€ğŸ¦¯,ğŸ§‘ğŸ¾â€ğŸ¦¯,ğŸ§‘ğŸ»â€ğŸ¦¯,ğŸ§‘ğŸ¼â€ğŸ¦¯,ğŸ§‘ğŸ½â€ğŸ¦¯,ğŸ§‘ğŸ¾â€ğŸ¦¯,ğŸ§‘ğŸ¿â€ğŸ¦¯
ğŸ‘¨â€ğŸ¦¯,man with white cane visually impaired blind man accessibility independence,ğŸ‘¨ğŸ»â€ğŸ¦¯,ğŸ‘¨ğŸ»â€ğŸ¦¯,ğŸ‘¨ğŸ¼â€ğŸ¦¯,ğŸ‘¨ğŸ»â€ğŸ¦¯,ğŸ‘¨ğŸ¼â€ğŸ¦¯,ğŸ‘¨ğŸ½â€ğŸ¦¯,ğŸ‘¨ğŸ»â€ğŸ¦¯,ğŸ‘¨ğŸ¼â€ğŸ¦¯,ğŸ‘¨ğŸ½â€ğŸ¦¯,ğŸ‘¨ğŸ¾â€ğŸ¦¯,ğŸ‘¨ğŸ»â€ğŸ¦¯,ğŸ‘¨ğŸ¼â€ğŸ¦¯,ğŸ‘¨ğŸ½â€ğŸ¦¯,ğŸ‘¨ğŸ¾â€ğŸ¦¯,ğŸ‘¨ğŸ¿â€ğŸ¦¯
ğŸ‘©â€ğŸ¦¯,woman with white cane visually impaired blind woman accessibility independence,ğŸ‘©ğŸ»â€ğŸ¦¯,ğŸ‘©ğŸ»â€ğŸ¦¯,ğŸ‘©ğŸ¼â€ğŸ¦¯,ğŸ‘©ğŸ»â€ğŸ¦¯,ğŸ‘©ğŸ¼â€ğŸ¦¯,ğŸ‘©ğŸ½â€ğŸ¦¯,ğŸ‘©ğŸ»â€ğŸ¦¯,ğŸ‘©ğŸ¼â€ğŸ¦¯,ğŸ‘©ğŸ½â€ğŸ¦¯,ğŸ‘©ğŸ¾â€ğŸ¦¯,ğŸ‘©ğŸ»â€ğŸ¦¯,ğŸ‘©ğŸ¼â€ğŸ¦¯,ğŸ‘©ğŸ½â€ğŸ¦¯,ğŸ‘©ğŸ¾â€ğŸ¦¯,ğŸ‘©ğŸ¿â€ğŸ¦¯
ğŸ§‘â€ğŸ¦¼,person in motorized wheelchair wheelchair user accessibility mobility aid disability pride,ğŸ§‘ğŸ»â€ğŸ¦¼,ğŸ§‘ğŸ»â€ğŸ¦¼,ğŸ§‘ğŸ¼â€ğŸ¦¼,ğŸ§‘ğŸ»â€ğŸ¦¼,ğŸ§‘ğŸ¼â€ğŸ¦¼,ğŸ§‘ğŸ½â€ğŸ¦¼,ğŸ§‘ğŸ»â€ğŸ¦¼,ğŸ§‘ğŸ¼â€ğŸ¦¼,ğŸ§‘ğŸ½â€ğŸ¦¼,ğŸ§‘ğŸ¾â€ğŸ¦¼,ğŸ§‘ğŸ»â€ğŸ¦¼,ğŸ§‘ğŸ¼â€ğŸ¦¼,ğŸ§‘ğŸ½â€ğŸ¦¼,ğŸ§‘ğŸ¾â€ğŸ¦¼,ğŸ§‘ğŸ¿â€ğŸ¦¼
ğŸ‘¨â€ğŸ¦¼,man in motorized wheelchair wheelchair user accessibility mobility aid disability pride,ğŸ‘¨ğŸ»â€ğŸ¦¼,ğŸ‘¨ğŸ»â€ğŸ¦¼,ğŸ‘¨ğŸ¼â€ğŸ¦¼,ğŸ‘¨ğŸ»â€ğŸ¦¼,ğŸ‘¨ğŸ¼â€ğŸ¦¼,ğŸ‘¨ğŸ½â€ğŸ¦¼,ğŸ‘¨ğŸ»â€ğŸ¦¼,ğŸ‘¨ğŸ¼â€ğŸ¦¼,ğŸ‘¨ğŸ½â€ğŸ¦¼,ğŸ‘¨ğŸ¾â€ğŸ¦¼,ğŸ‘¨ğŸ»â€ğŸ¦¼,ğŸ‘¨ğŸ¼â€ğŸ¦¼,ğŸ‘¨ğŸ½â€ğŸ¦¼,ğŸ‘¨ğŸ¾â€ğŸ¦¼,ğŸ‘¨ğŸ¿â€ğŸ¦¼
ğŸ‘©â€ğŸ¦¼,woman in motorized wheelchair wheelchair user accessibility mobility aid disability pride,ğŸ‘©ğŸ»â€ğŸ¦¼,ğŸ‘©ğŸ»â€ğŸ¦¼,ğŸ‘©ğŸ¼â€ğŸ¦¼,ğŸ‘©ğŸ»â€ğŸ¦¼,ğŸ‘©ğŸ¼â€ğŸ¦¼,ğŸ‘©ğŸ½â€ğŸ¦¼,ğŸ‘©ğŸ»â€ğŸ¦¼,ğŸ‘©ğŸ¼â€ğŸ¦¼,ğŸ‘©ğŸ½â€ğŸ¦¼,ğŸ‘©ğŸ¾â€ğŸ¦¼,ğŸ‘©ğŸ»â€ğŸ¦¼,ğŸ‘©ğŸ¼â€ğŸ¦¼,ğŸ‘©ğŸ½â€ğŸ¦¼,ğŸ‘©ğŸ¾â€ğŸ¦¼,ğŸ‘©ğŸ¿â€ğŸ¦¼
ğŸ§‘â€ğŸ¦½,person in manual wheelchair wheelchair user accessibility mobility aid disability pride,ğŸ§‘ğŸ»â€ğŸ¦½,ğŸ§‘ğŸ»â€ğŸ¦½,ğŸ§‘ğŸ¼â€ğŸ¦½,ğŸ§‘ğŸ»â€ğŸ¦½,ğŸ§‘ğŸ¼â€ğŸ¦½,ğŸ§‘ğŸ½â€ğŸ¦½,ğŸ§‘ğŸ»â€ğŸ¦½,ğŸ§‘ğŸ¼â€ğŸ¦½,ğŸ§‘ğŸ½â€ğŸ¦½,ğŸ§‘ğŸ¾â€ğŸ¦½,ğŸ§‘ğŸ»â€ğŸ¦½,ğŸ§‘ğŸ¼â€ğŸ¦½,ğŸ§‘ğŸ½â€ğŸ¦½,ğŸ§‘ğŸ¾â€ğŸ¦½,ğŸ§‘ğŸ¿â€ğŸ¦½
ğŸ‘¨â€ğŸ¦½,man in manual wheelchair wheelchair user accessibility mobility aid disability pride,ğŸ‘¨ğŸ»â€ğŸ¦½,ğŸ‘¨ğŸ»â€ğŸ¦½,ğŸ‘¨ğŸ¼â€ğŸ¦½,ğŸ‘¨ğŸ»â€ğŸ¦½,ğŸ‘¨ğŸ¼â€ğŸ¦½,ğŸ‘¨ğŸ½â€ğŸ¦½,ğŸ‘¨ğŸ»â€ğŸ¦½,ğŸ‘¨ğŸ¼â€ğŸ¦½,ğŸ‘¨ğŸ½â€ğŸ¦½,ğŸ‘¨ğŸ¾â€ğŸ¦½,ğŸ‘¨ğŸ»â€ğŸ¦½,ğŸ‘¨ğŸ¼â€ğŸ¦½,ğŸ‘¨ğŸ½â€ğŸ¦½,ğŸ‘¨ğŸ¾â€ğŸ¦½,ğŸ‘¨ğŸ¿â€ğŸ¦½
ğŸ‘©â€ğŸ¦½,woman in manual wheelchair wheelchair user accessibility mobility aid disability pride,ğŸ‘©ğŸ»â€ğŸ¦½,ğŸ‘©ğŸ»â€ğŸ¦½,ğŸ‘©ğŸ¼â€ğŸ¦½,ğŸ‘©ğŸ»â€ğŸ¦½,ğŸ‘©ğŸ¼â€ğŸ¦½,ğŸ‘©ğŸ½â€ğŸ¦½,ğŸ‘©ğŸ»â€ğŸ¦½,ğŸ‘©ğŸ¼â€ğŸ¦½,ğŸ‘©ğŸ½â€ğŸ¦½,ğŸ‘©ğŸ¾â€ğŸ¦½,ğŸ‘©ğŸ»â€ğŸ¦½,ğŸ‘©ğŸ¼â€ğŸ¦½,ğŸ‘©ğŸ½â€ğŸ¦½,ğŸ‘©ğŸ¾â€ğŸ¦½,ğŸ‘©ğŸ¿â€ğŸ¦½
ğŸƒ,person running running away from my problems gotta go fast cardio,ğŸƒğŸ»,ğŸƒğŸ»,ğŸƒğŸ¼,ğŸƒğŸ»,ğŸƒğŸ¼,ğŸƒğŸ½,ğŸƒğŸ»,ğŸƒğŸ¼,ğŸƒğŸ½,ğŸƒğŸ¾,ğŸƒğŸ»,ğŸƒğŸ¼,ğŸƒğŸ½,ğŸƒğŸ¾,ğŸƒğŸ¿
ğŸƒâ€â™‚ï¸,man running running away from my problems gotta go fast cardio,ğŸƒğŸ»â€â™‚ï¸,ğŸƒğŸ»â€â™‚ï¸,ğŸƒğŸ¼â€â™‚ï¸,ğŸƒğŸ»â€â™‚ï¸,ğŸƒğŸ¼â€â™‚ï¸,ğŸƒğŸ½â€â™‚ï¸,ğŸƒğŸ»â€â™‚ï¸,ğŸƒğŸ¼â€â™‚ï¸,ğŸƒğŸ½â€â™‚ï¸,ğŸƒğŸ¾â€â™‚ï¸,ğŸƒğŸ»â€â™‚ï¸,ğŸƒğŸ¼â€â™‚ï¸,ğŸƒğŸ½â€â™‚ï¸,ğŸƒğŸ¾â€â™‚ï¸,ğŸƒğŸ¿â€â™‚ï¸
ğŸƒâ€â™€ï¸,woman running running away from my problems gotta go fast cardio,ğŸƒğŸ»â€â™€ï¸,ğŸƒğŸ»â€â™€ï¸,ğŸƒğŸ¼â€â™€ï¸,ğŸƒğŸ»â€â™€ï¸,ğŸƒğŸ¼â€â™€ï¸,ğŸƒğŸ½â€â™€ï¸,ğŸƒğŸ»â€â™€ï¸,ğŸƒğŸ¼â€â™€ï¸,ğŸƒğŸ½â€â™€ï¸,ğŸƒğŸ¾â€â™€ï¸,ğŸƒğŸ»â€â™€ï¸,ğŸƒğŸ¼â€â™€ï¸,ğŸƒğŸ½â€â™€ï¸,ğŸƒğŸ¾â€â™€ï¸,ğŸƒğŸ¿â€â™€ï¸
ğŸ’ƒ,woman dancing dancing queen feeling myself party time flamenco,ğŸ’ƒğŸ»,ğŸ’ƒğŸ»,ğŸ’ƒğŸ¼,ğŸ’ƒğŸ»,ğŸ’ƒğŸ¼,ğŸ’ƒğŸ½,ğŸ’ƒğŸ»,ğŸ’ƒğŸ¼,ğŸ’ƒğŸ½,ğŸ’ƒğŸ¾,ğŸ’ƒğŸ»,ğŸ’ƒğŸ¼,ğŸ’ƒğŸ½,ğŸ’ƒğŸ¾,ğŸ’ƒğŸ¿
ğŸ•º,man dancing saturday night fever disco vibes groovy getting down,ğŸ•ºğŸ»,ğŸ•ºğŸ»,ğŸ•ºğŸ¼,ğŸ•ºğŸ»,ğŸ•ºğŸ¼,ğŸ•ºğŸ½,ğŸ•ºğŸ»,ğŸ•ºğŸ¼,ğŸ•ºğŸ½,ğŸ•ºğŸ¾,ğŸ•ºğŸ»,ğŸ•ºğŸ¼,ğŸ•ºğŸ½,ğŸ•ºğŸ¾,ğŸ•ºğŸ¿
ğŸ•´ï¸,person in suit levitating business man levitating mysterious floating making moves,ğŸ•´ğŸ»,ğŸ•´ğŸ»,ğŸ•´ğŸ¼,ğŸ•´ğŸ»,ğŸ•´ğŸ¼,ğŸ•´ğŸ½,ğŸ•´ğŸ»,ğŸ•´ğŸ¼,ğŸ•´ğŸ½,ğŸ•´ğŸ¾,ğŸ•´ğŸ»,ğŸ•´ğŸ¼,ğŸ•´ğŸ½,ğŸ•´ğŸ¾,ğŸ•´ğŸ¿
ğŸ‘¯,people with bunny ears twinning besties matching outfits playboy bunny
ğŸ‘¯â€â™‚ï¸,men with bunny ears twinning besties matching outfits playboy bunny
ğŸ‘¯â€â™€ï¸,women with bunny ears twinning besties matching outfits playboy bunny
ğŸ§–,person in steamy room sauna time spa day self care sweating it out,ğŸ§–ğŸ»,ğŸ§–ğŸ»,ğŸ§–ğŸ¼,ğŸ§–ğŸ»,ğŸ§–ğŸ¼,ğŸ§–ğŸ½,ğŸ§–ğŸ»,ğŸ§–ğŸ¼,ğŸ§–ğŸ½,ğŸ§–ğŸ¾,ğŸ§–ğŸ»,ğŸ§–ğŸ¼,ğŸ§–ğŸ½,ğŸ§–ğŸ¾,ğŸ§–ğŸ¿
ğŸ§–â€â™‚ï¸,man in steamy room sauna time spa day self care sweating it out,ğŸ§–ğŸ»â€â™‚ï¸,ğŸ§–ğŸ»â€â™‚ï¸,ğŸ§–ğŸ¼â€â™‚ï¸,ğŸ§–ğŸ»â€â™‚ï¸,ğŸ§–ğŸ¼â€â™‚ï¸,ğŸ§–ğŸ½â€â™‚ï¸,ğŸ§–ğŸ»â€â™‚ï¸,ğŸ§–ğŸ¼â€â™‚ï¸,ğŸ§–ğŸ½â€â™‚ï¸,ğŸ§–ğŸ¾â€â™‚ï¸,ğŸ§–ğŸ»â€â™‚ï¸,ğŸ§–ğŸ¼â€â™‚ï¸,ğŸ§–ğŸ½â€â™‚ï¸,ğŸ§–ğŸ¾â€â™‚ï¸,ğŸ§–ğŸ¿â€â™‚ï¸
ğŸ§–â€â™€ï¸,woman in steamy room sauna time spa day self care sweating it out,ğŸ§–ğŸ»â€â™€ï¸,ğŸ§–ğŸ»â€â™€ï¸,ğŸ§–ğŸ¼â€â™€ï¸,ğŸ§–ğŸ»â€â™€ï¸,ğŸ§–ğŸ¼â€â™€ï¸,ğŸ§–ğŸ½â€â™€ï¸,ğŸ§–ğŸ»â€â™€ï¸,ğŸ§–ğŸ¼â€â™€ï¸,ğŸ§–ğŸ½â€â™€ï¸,ğŸ§–ğŸ¾â€â™€ï¸,ğŸ§–ğŸ»â€â™€ï¸,ğŸ§–ğŸ¼â€â™€ï¸,ğŸ§–ğŸ½â€â™€ï¸,ğŸ§–ğŸ¾â€â™€ï¸,ğŸ§–ğŸ¿â€â™€ï¸
ğŸ§—,person climbing rock climbing adventurer risk taker on the edge,ğŸ§—ğŸ»,ğŸ§—ğŸ»,ğŸ§—ğŸ¼,ğŸ§—ğŸ»,ğŸ§—ğŸ¼,ğŸ§—ğŸ½,ğŸ§—ğŸ»,ğŸ§—ğŸ¼,ğŸ§—ğŸ½,ğŸ§—ğŸ¾,ğŸ§—ğŸ»,ğŸ§—ğŸ¼,ğŸ§—ğŸ½,ğŸ§—ğŸ¾,ğŸ§—ğŸ¿
ğŸ§—â€â™‚ï¸,man climbing rock climbing adventurer risk taker on the edge,ğŸ§—ğŸ»â€â™‚ï¸,ğŸ§—ğŸ»â€â™‚ï¸,ğŸ§—ğŸ¼â€â™‚ï¸,ğŸ§—ğŸ»â€â™‚ï¸,ğŸ§—ğŸ¼â€â™‚ï¸,ğŸ§—ğŸ½â€â™‚ï¸,ğŸ§—ğŸ»â€â™‚ï¸,ğŸ§—ğŸ¼â€â™‚ï¸,ğŸ§—ğŸ½â€â™‚ï¸,ğŸ§—ğŸ¾â€â™‚ï¸,ğŸ§—ğŸ»â€â™‚ï¸,ğŸ§—ğŸ¼â€â™‚ï¸,ğŸ§—ğŸ½â€â™‚ï¸,ğŸ§—ğŸ¾â€â™‚ï¸,ğŸ§—ğŸ¿â€â™‚ï¸
ğŸ§—â€â™€ï¸,woman climbing rock climbing adventurer risk taker on the edge,ğŸ§—ğŸ»â€â™€ï¸,ğŸ§—ğŸ»â€â™€ï¸,ğŸ§—ğŸ¼â€â™€ï¸,ğŸ§—ğŸ»â€â™€ï¸,ğŸ§—ğŸ¼â€â™€ï¸,ğŸ§—ğŸ½â€â™€ï¸,ğŸ§—ğŸ»â€â™€ï¸,ğŸ§—ğŸ¼â€â™€ï¸,ğŸ§—ğŸ½â€â™€ï¸,ğŸ§—ğŸ¾â€â™€ï¸,ğŸ§—ğŸ»â€â™€ï¸,ğŸ§—ğŸ¼â€â™€ï¸,ğŸ§—ğŸ½â€â™€ï¸,ğŸ§—ğŸ¾â€â™€ï¸,ğŸ§—ğŸ¿â€â™€ï¸
ğŸ¤º,person fencing fencing en garde sword fight fancy sport
ğŸ‡,horse racing horse racing kentucky derby betting fast horse,ğŸ‡ğŸ»,ğŸ‡ğŸ»,ğŸ‡ğŸ¼,ğŸ‡ğŸ»,ğŸ‡ğŸ¼,ğŸ‡ğŸ½,ğŸ‡ğŸ»,ğŸ‡ğŸ¼,ğŸ‡ğŸ½,ğŸ‡ğŸ¾,ğŸ‡ğŸ»,ğŸ‡ğŸ¼,ğŸ‡ğŸ½,ğŸ‡ğŸ¾,ğŸ‡ğŸ¿
â›·ï¸,skier skiing winter sport snow day hitting the slopes
ğŸ‚,snowboarder snowboarding shredding gnar winter fun cool tricks,ğŸ‚ğŸ»,ğŸ‚ğŸ»,ğŸ‚ğŸ¼,ğŸ‚ğŸ»,ğŸ‚ğŸ¼,ğŸ‚ğŸ½,ğŸ‚ğŸ»,ğŸ‚ğŸ¼,ğŸ‚ğŸ½,ğŸ‚ğŸ¾,ğŸ‚ğŸ»,ğŸ‚ğŸ¼,ğŸ‚ğŸ½,ğŸ‚ğŸ¾,ğŸ‚ğŸ¿
ğŸŒï¸,person golfing golfing fore masters tournament country club,ğŸŒğŸ»,ğŸŒğŸ»,ğŸŒğŸ¼,ğŸŒğŸ»,ğŸŒğŸ¼,ğŸŒğŸ½,ğŸŒğŸ»,ğŸŒğŸ¼,ğŸŒğŸ½,ğŸŒğŸ¾,ğŸŒğŸ»,ğŸŒğŸ¼,ğŸŒğŸ½,ğŸŒğŸ¾,ğŸŒğŸ¿
ğŸŒï¸â€â™‚ï¸,man golfing golfing fore masters tournament country club,ğŸŒğŸ»â€â™‚ï¸,ğŸŒğŸ»â€â™‚ï¸,ğŸŒğŸ¼â€â™‚ï¸,ğŸŒğŸ»â€â™‚ï¸,ğŸŒğŸ¼â€â™‚ï¸,ğŸŒğŸ½â€â™‚ï¸,ğŸŒğŸ»â€â™‚ï¸,ğŸŒğŸ¼â€â™‚ï¸,ğŸŒğŸ½â€â™‚ï¸,ğŸŒğŸ¾â€â™‚ï¸,ğŸŒğŸ»â€â™‚ï¸,ğŸŒğŸ¼â€â™‚ï¸,ğŸŒğŸ½â€â™‚ï¸,ğŸŒğŸ¾â€â™‚ï¸,ğŸŒğŸ¿â€â™‚ï¸
ğŸŒï¸â€â™€ï¸,woman golfing golfing fore masters tournament country club,ğŸŒğŸ»â€â™€ï¸,ğŸŒğŸ»â€â™€ï¸,ğŸŒğŸ¼â€â™€ï¸,ğŸŒğŸ»â€â™€ï¸,ğŸŒğŸ¼â€â™€ï¸,ğŸŒğŸ½â€â™€ï¸,ğŸŒğŸ»â€â™€ï¸,ğŸŒğŸ¼â€â™€ï¸,ğŸŒğŸ½â€â™€ï¸,ğŸŒğŸ¾â€â™€ï¸,ğŸŒğŸ»â€â™€ï¸,ğŸŒğŸ¼â€â™€ï¸,ğŸŒğŸ½â€â™€ï¸,ğŸŒğŸ¾â€â™€ï¸,ğŸŒğŸ¿â€â™€ï¸
ğŸ„,person surfing surfing catching waves surfer dude beach vibes,ğŸ„ğŸ»,ğŸ„ğŸ»,ğŸ„ğŸ¼,ğŸ„ğŸ»,ğŸ„ğŸ¼,ğŸ„ğŸ½,ğŸ„ğŸ»,ğŸ„ğŸ¼,ğŸ„ğŸ½,ğŸ„ğŸ¾,ğŸ„ğŸ»,ğŸ„ğŸ¼,ğŸ„ğŸ½,ğŸ„ğŸ¾,ğŸ„ğŸ¿
ğŸ„â€â™‚ï¸,man surfing surfing catching waves surfer dude beach vibes,ğŸ„ğŸ»â€â™‚ï¸,ğŸ„ğŸ»â€â™‚ï¸,ğŸ„ğŸ¼â€â™‚ï¸,ğŸ„ğŸ»â€â™‚ï¸,ğŸ„ğŸ¼â€â™‚ï¸,ğŸ„ğŸ½â€â™‚ï¸,ğŸ„ğŸ»â€â™‚ï¸,ğŸ„ğŸ¼â€â™‚ï¸,ğŸ„ğŸ½â€â™‚ï¸,ğŸ„ğŸ¾â€â™‚ï¸,ğŸ„ğŸ»â€â™‚ï¸,ğŸ„ğŸ¼â€â™‚ï¸,ğŸ„ğŸ½â€â™‚ï¸,ğŸ„ğŸ¾â€â™‚ï¸,ğŸ„ğŸ¿â€â™‚ï¸
ğŸ„â€â™€ï¸,woman surfing surfing catching waves surfer girl beach vibes,ğŸ„ğŸ»â€â™€ï¸,ğŸ„ğŸ»â€â™€ï¸,ğŸ„ğŸ¼â€â™€ï¸,ğŸ„ğŸ»â€â™€ï¸,ğŸ„ğŸ¼â€â™€ï¸,ğŸ„ğŸ½â€â™€ï¸,ğŸ„ğŸ»â€â™€ï¸,ğŸ„ğŸ¼â€â™€ï¸,ğŸ„ğŸ½â€â™€ï¸,ğŸ„ğŸ¾â€â™€ï¸,ğŸ„ğŸ»â€â™€ï¸,ğŸ„ğŸ¼â€â™€ï¸,ğŸ„ğŸ½â€â™€ï¸,ğŸ„ğŸ¾â€â™€ï¸,ğŸ„ğŸ¿â€â™€ï¸
ğŸš£,person rowing boat rowing crew team boat race teamwork,ğŸš£ğŸ»,ğŸš£ğŸ»,ğŸš£ğŸ¼,ğŸš£ğŸ»,ğŸš£ğŸ¼,ğŸš£ğŸ½,ğŸš£ğŸ»,ğŸš£ğŸ¼,ğŸš£ğŸ½,ğŸš£ğŸ¾,ğŸš£ğŸ»,ğŸš£ğŸ¼,ğŸš£ğŸ½,ğŸš£ğŸ¾,ğŸš£ğŸ¿
ğŸš£â€â™‚ï¸,man rowing boat rowing crew team boat race teamwork,ğŸš£ğŸ»â€â™‚ï¸,ğŸš£ğŸ»â€â™‚ï¸,ğŸš£ğŸ¼â€â™‚ï¸,ğŸš£ğŸ»â€â™‚ï¸,ğŸš£ğŸ¼â€â™‚ï¸,ğŸš£ğŸ½â€â™‚ï¸,ğŸš£ğŸ»â€â™‚ï¸,ğŸš£ğŸ¼â€â™‚ï¸,ğŸš£ğŸ½â€â™‚ï¸,ğŸš£ğŸ¾â€â™‚ï¸,ğŸš£ğŸ»â€â™‚ï¸,ğŸš£ğŸ¼â€â™‚ï¸,ğŸš£ğŸ½â€â™‚ï¸,ğŸš£ğŸ¾â€â™‚ï¸,ğŸš£ğŸ¿â€â™‚ï¸
ğŸš£â€â™€ï¸,woman rowing boat rowing crew team boat race teamwork,ğŸš£ğŸ»â€â™€ï¸,ğŸš£ğŸ»â€â™€ï¸,ğŸš£ğŸ¼â€â™€ï¸,ğŸš£ğŸ»â€â™€ï¸,ğŸš£ğŸ¼â€â™€ï¸,ğŸš£ğŸ½â€â™€ï¸,ğŸš£ğŸ»â€â™€ï¸,ğŸš£ğŸ¼â€â™€ï¸,ğŸš£ğŸ½â€â™€ï¸,ğŸ¤¦ğŸ¾â€â™€ï¸,ğŸš£ğŸ»â€â™€ï¸,ğŸš£ğŸ¼â€â™€ï¸,ğŸš£ğŸ½â€â™€ï¸,ğŸš£ğŸ¾â€â™€ï¸,ğŸš£ğŸ¿â€â™€ï¸
ğŸŠ,person swimming swimming just keep swimming laps pool day,ğŸŠğŸ»,ğŸŠğŸ»,ğŸŠğŸ¼,ğŸŠğŸ»,ğŸŠğŸ¼,ğŸŠğŸ½,ğŸŠğŸ»,ğŸŠğŸ¼,ğŸŠğŸ½,ğŸŠğŸ¾,ğŸŠğŸ»,ğŸŠğŸ¼,ğŸŠğŸ½,ğŸŠğŸ¾,ğŸŠğŸ¿
ğŸŠâ€â™‚ï¸,man swimming swimming just keep swimming laps pool day,ğŸŠğŸ»â€â™‚ï¸,ğŸŠğŸ»â€â™‚ï¸,ğŸŠğŸ¼â€â™‚ï¸,ğŸŠğŸ»â€â™‚ï¸,ğŸŠğŸ¼â€â™‚ï¸,ğŸŠğŸ½â€â™‚ï¸,ğŸŠğŸ»â€â™‚ï¸,ğŸŠğŸ¼â€â™‚ï¸,ğŸŠğŸ½â€â™‚ï¸,ğŸŠğŸ¾â€â™‚ï¸,ğŸŠğŸ»â€â™‚ï¸,ğŸŠğŸ¼â€â™‚ï¸,ğŸŠğŸ½â€â™‚ï¸,ğŸŠğŸ¾â€â™‚ï¸,ğŸŠğŸ¿â€â™‚ï¸
ğŸŠâ€â™€ï¸,woman swimming swimming just keep swimming laps pool day,ğŸŠğŸ»â€â™€ï¸,ğŸŠğŸ»â€â™€ï¸,ğŸŠğŸ¼â€â™€ï¸,ğŸŠğŸ»â€â™€ï¸,ğŸŠğŸ¼â€â™€ï¸,ğŸŠğŸ½â€â™€ï¸,ğŸŠğŸ»â€â™€ï¸,ğŸŠğŸ¼â€â™€ï¸,ğŸŠğŸ½â€â™€ï¸,ğŸŠğŸ¾â€â™€ï¸,ğŸŠğŸ»â€â™€ï¸,ğŸŠğŸ¼â€â™€ï¸,ğŸŠğŸ½â€â™€ï¸,ğŸŠğŸ¾â€â™€ï¸,ğŸŠğŸ¿â€â™€ï¸
â›¹ï¸,person bouncing ball ballin' shooting hoops basketball dribbling,â›¹ğŸ»,â›¹ğŸ»,â›¹ğŸ¼,â›¹ğŸ»,â›¹ğŸ¼,â›¹ğŸ½,â›¹ğŸ»,â›¹ğŸ¼,â›¹ğŸ½,â›¹ğŸ¾,â›¹ğŸ»,â›¹ğŸ¼,â›¹ğŸ½,â›¹ğŸ¾,â›¹ğŸ¿
â›¹ï¸â€â™‚ï¸,man bouncing ball ballin' shooting hoops basketball dribbling,â›¹ğŸ»â€â™‚ï¸,â›¹ğŸ»â€â™‚ï¸,â›¹ğŸ¼â€â™‚ï¸,â›¹ğŸ»â€â™‚ï¸,â›¹ğŸ¼â€â™‚ï¸,â›¹ğŸ½â€â™‚ï¸,â›¹ğŸ»â€â™‚ï¸,â›¹ğŸ¼â€â™‚ï¸,â›¹ğŸ½â€â™‚ï¸,â›¹ğŸ¾â€â™‚ï¸,â›¹ğŸ»â€â™‚ï¸,â›¹ğŸ¼â€â™‚ï¸,â›¹ğŸ½â€â™‚ï¸,â›¹ğŸ¾â€â™‚ï¸,â›¹ğŸ¿â€â™‚ï¸
â›¹ï¸â€â™€ï¸,woman bouncing ball ballin' shooting hoops basketball dribbling,â›¹ğŸ»â€â™€ï¸,â›¹ğŸ»â€â™€ï¸,â›¹ğŸ¼â€â™€ï¸,â›¹ğŸ»â€â™€ï¸,â›¹ğŸ¼â€â™€ï¸,â›¹ğŸ½â€â™€ï¸,â›¹ğŸ»â€â™€ï¸,â›¹ğŸ¼â€â™€ï¸,â›¹ğŸ½â€â™€ï¸,â›¹ğŸ¾â€â™€ï¸,â›¹ğŸ»â€â™€ï¸,â›¹ğŸ¼â€â™€ï¸,â›¹ğŸ½â€â™€ï¸,â›¹ğŸ¾â€â™€ï¸,â›¹ğŸ¿â€â™€ï¸
ğŸ‹ï¸,person lifting weights gym rat lifting heavy beast mode gains,ğŸ‹ğŸ»,ğŸ‹ğŸ»,ğŸ‹ğŸ¼,ğŸ‹ğŸ»,ğŸ‹ğŸ¼,ğŸ‹ğŸ½,ğŸ‹ğŸ»,ğŸ‹ğŸ¼,ğŸ‹ğŸ½,ğŸ‹ğŸ¾,ğŸ‹ğŸ»,ğŸ‹ğŸ¼,ğŸ‹ğŸ½,ğŸ‹ğŸ¾,ğŸ‹ğŸ¿
ğŸ‹ï¸â€â™‚ï¸,man lifting weights gym rat lifting heavy beast mode gains,ğŸ‹ğŸ»â€â™‚ï¸,ğŸ‹ğŸ»â€â™‚ï¸,ğŸ‹ğŸ¼â€â™‚ï¸,ğŸ‹ğŸ»â€â™‚ï¸,ğŸ‹ğŸ¼â€â™‚ï¸,ğŸ‹ğŸ½â€â™‚ï¸,ğŸ‹ğŸ»â€â™‚ï¸,ğŸ‹ğŸ¼â€â™‚ï¸,ğŸ‹ğŸ½â€â™‚ï¸,ğŸ‹ğŸ¾â€â™‚ï¸,ğŸ‹ğŸ»â€â™‚ï¸,ğŸ‹ğŸ¼â€â™‚ï¸,ğŸ‹ğŸ½â€â™‚ï¸,ğŸ‹ğŸ¾â€â™‚ï¸,ğŸ‹ğŸ¿â€â™‚ï¸
ğŸ‹ï¸â€â™€ï¸,woman lifting weights gym rat lifting heavy beast mode gains,ğŸ‹ğŸ»â€â™€ï¸,ğŸ‹ğŸ»â€â™€ï¸,ğŸ‹ğŸ¼â€â™€ï¸,ğŸ‹ğŸ»â€â™€ï¸,ğŸ‹ğŸ¼â€â™€ï¸,ğŸ‹ğŸ½â€â™€ï¸,ğŸ‹ğŸ»â€â™€ï¸,ğŸ‹ğŸ¼â€â™€ï¸,ğŸ‹ğŸ½â€â™€ï¸,ğŸ‹ğŸ¾â€â™€ï¸,ğŸ‹ğŸ»â€â™€ï¸,ğŸ‹ğŸ¼â€â™€ï¸,ğŸ‹ğŸ½â€â™€ï¸,ğŸ‹ğŸ¾â€â™€ï¸,ğŸ‹ğŸ¿â€â™€ï¸
ğŸš´,person biking biking cycling tour de france on my bike,ğŸš´ğŸ»,ğŸš´ğŸ»,ğŸš´ğŸ¼,ğŸš´ğŸ»,ğŸš´ğŸ¼,ğŸš´ğŸ½,ğŸš´ğŸ»,ğŸš´ğŸ¼,ğŸš´ğŸ½,ğŸš´ğŸ¾,ğŸš´ğŸ»,ğŸš´ğŸ¼,ğŸš´ğŸ½,ğŸš´ğŸ¾,ğŸš´ğŸ¿
ğŸš´â€â™‚ï¸,man biking biking cycling tour de france on my bike,ğŸš´ğŸ»â€â™‚ï¸,ğŸš´ğŸ»â€â™‚ï¸,ğŸš´ğŸ¼â€â™‚ï¸,ğŸš´ğŸ»â€â™‚ï¸,ğŸš´ğŸ¼â€â™‚ï¸,ğŸš´ğŸ½â€â™‚ï¸,ğŸš´ğŸ»â€â™‚ï¸,ğŸš´ğŸ¼â€â™‚ï¸,ğŸš´ğŸ½â€â™‚ï¸,ğŸš´ğŸ¾â€â™‚ï¸,ğŸš´ğŸ»â€â™‚ï¸,ğŸš´ğŸ¼â€â™‚ï¸,ğŸš´ğŸ½â€â™‚ï¸,ğŸš´ğŸ¾â€â™‚ï¸,ğŸš´ğŸ¿â€â™‚ï¸
ğŸš´â€â™€ï¸,woman biking biking cycling tour de france on my bike,ğŸš´ğŸ»â€â™€ï¸,ğŸš´ğŸ»â€â™€ï¸,ğŸš´ğŸ¼â€â™€ï¸,ğŸš´ğŸ»â€â™€ï¸,ğŸš´ğŸ¼â€â™€ï¸,ğŸš´ğŸ½â€â™€ï¸,ğŸš´ğŸ»â€â™€ï¸,ğŸš´ğŸ¼â€â™€ï¸,ğŸš´ğŸ½â€â™€ï¸,ğŸš´ğŸ¾â€â™€ï¸,ğŸš´ğŸ»â€â™€ï¸,ğŸš´ğŸ¼â€â™€ï¸,ğŸš´ğŸ½â€â™€ï¸,ğŸš´ğŸ¾â€â™€ï¸,ğŸš´ğŸ¿â€â™€ï¸
ğŸšµ,person mountain biking mountain biking trail ride adventure outdoors,ğŸšµğŸ»,ğŸšµğŸ»,ğŸšµğŸ¼,ğŸšµğŸ»,ğŸšµğŸ¼,ğŸšµğŸ½,ğŸšµğŸ»,ğŸšµğŸ¼,ğŸšµğŸ½,ğŸšµğŸ¾,ğŸšµğŸ»,ğŸšµğŸ¼,ğŸšµğŸ½,ğŸšµğŸ¾,ğŸšµğŸ¿
ğŸšµâ€â™‚ï¸,man mountain biking mountain biking trail ride adventure outdoors,ğŸšµğŸ»â€â™‚ï¸,ğŸšµğŸ»â€â™‚ï¸,ğŸšµğŸ¼â€â™‚ï¸,ğŸšµğŸ»â€â™‚ï¸,ğŸšµğŸ¼â€â™‚ï¸,ğŸšµğŸ½â€â™‚ï¸,ğŸšµğŸ»â€â™‚ï¸,ğŸšµğŸ¼â€â™‚ï¸,ğŸšµğŸ½â€â™‚ï¸,ğŸšµğŸ¾â€â™‚ï¸,ğŸšµğŸ»â€â™‚ï¸,ğŸšµğŸ¼â€â™‚ï¸,ğŸšµğŸ½â€â™‚ï¸,ğŸšµğŸ¾â€â™‚ï¸,ğŸšµğŸ¿â€â™‚ï¸
ğŸšµâ€â™€ï¸,woman mountain biking mountain biking trail ride adventure outdoors,ğŸšµğŸ»â€â™€ï¸,ğŸšµğŸ»â€â™€ï¸,ğŸšµğŸ¼â€â™€ï¸,ğŸšµğŸ»â€â™€ï¸,ğŸšµğŸ¼â€â™€ï¸,ğŸšµğŸ½â€â™€ï¸,ğŸšµğŸ»â€â™€ï¸,ğŸšµğŸ¼â€â™€ï¸,ğŸšµğŸ½â€â™€ï¸,ğŸšµğŸ¾â€â™€ï¸,ğŸšµğŸ»â€â™€ï¸,ğŸšµğŸ¼â€â™€ï¸,ğŸšµğŸ½â€â™€ï¸,ğŸšµğŸ¾â€â™€ï¸,ğŸšµğŸ¿â€â™€ï¸
ğŸ¤¸,person cartwheeling gymnastics flexible tumbling cartwheel yay,ğŸ¤¸ğŸ»,ğŸ¤¸ğŸ»,ğŸ¤¸ğŸ¼,ğŸ¤¸ğŸ»,ğŸ¤¸ğŸ¼,ğŸ¤¸ğŸ½,ğŸ¤¸ğŸ»,ğŸ¤¸ğŸ¼,ğŸ¤¸ğŸ½,ğŸ¤¸ğŸ¾,ğŸ¤¸ğŸ»,ğŸ¤¸ğŸ¼,ğŸ¤¸ğŸ½,ğŸ¤¸ğŸ¾,ğŸ¤¸ğŸ¿
ğŸ¤¸â€â™‚ï¸,man cartwheeling gymnastics flexible tumbling cartwheel yay,ğŸ¤¸ğŸ»â€â™‚ï¸,ğŸ¤¸ğŸ»â€â™‚ï¸,ğŸ¤¸ğŸ¼â€â™‚ï¸,ğŸ¤¸ğŸ»â€â™‚ï¸,ğŸ¤¸ğŸ¼â€â™‚ï¸,ğŸ¤¸ğŸ½â€â™‚ï¸,ğŸ¤¸ğŸ»â€â™‚ï¸,ğŸ¤¸ğŸ¼â€â™‚ï¸,ğŸ¤¸ğŸ½â€â™‚ï¸,ğŸ¤¸ğŸ¾â€â™‚ï¸,ğŸ¤¸ğŸ»â€â™‚ï¸,ğŸ¤¸ğŸ¼â€â™‚ï¸,ğŸ¤¸ğŸ½â€â™‚ï¸,ğŸ¤¸ğŸ¾â€â™‚ï¸,ğŸ¤¸ğŸ¿â€â™‚ï¸
ğŸ¤¸â€â™€ï¸,woman cartwheeling gymnastics flexible tumbling cartwheel yay,ğŸ¤¸ğŸ»â€â™€ï¸,ğŸ¤¸ğŸ»â€â™€ï¸,ğŸ¤¸ğŸ¼â€â™€ï¸,ğŸ¤¸ğŸ»â€â™€ï¸,ğŸ¤¸ğŸ¼â€â™€ï¸,ğŸ¤¸ğŸ½â€â™€ï¸,ğŸ¤¸ğŸ»â€â™€ï¸,ğŸ¤¸ğŸ¼â€â™€ï¸,ğŸ¤¸ğŸ½â€â™€ï¸,ğŸ¤¸ğŸ¾â€â™€ï¸,ğŸ¤¸ğŸ»â€â™€ï¸,ğŸ¤¸ğŸ¼â€â™€ï¸,ğŸ¤¸ğŸ½â€â™€ï¸,ğŸ¤¸ğŸ¾â€â™€ï¸,ğŸ¤¸ğŸ¿â€â™€ï¸
ğŸ¤¼,people wrestling wwe wrestling smackdown grappling fighting
ğŸ¤¼â€â™‚ï¸,men wrestling wwe wrestling smackdown grappling fighting
ğŸ¤¼â€â™€ï¸,women wrestling wwe wrestling smackdown grappling fighting
ğŸ¤½,person playing water polo water polo swimming pool sports team game,ğŸ¤½ğŸ»,ğŸ¤½ğŸ»,ğŸ¤½ğŸ¼,ğŸ¤½ğŸ»,ğŸ¤½ğŸ¼,ğŸ¤½ğŸ½,ğŸ¤½ğŸ»,ğŸ¤½ğŸ¼,ğŸ¤½ğŸ½,ğŸ¤½ğŸ¾,ğŸ¤½ğŸ»,ğŸ¤½ğŸ¼,ğŸ¤½ğŸ½,ğŸ¤½ğŸ¾,ğŸ¤½ğŸ¿
ğŸ¤½â€â™‚ï¸,man playing water polo water polo swimming pool sports team game,ğŸ¤½ğŸ»â€â™‚ï¸,ğŸ¤½ğŸ»â€â™‚ï¸,ğŸ¤½ğŸ¼â€â™‚ï¸,ğŸ¤½ğŸ»â€â™‚ï¸,ğŸ¤½ğŸ¼â€â™‚ï¸,ğŸ¤½ğŸ½â€â™‚ï¸,ğŸ¤½ğŸ»â€â™‚ï¸,ğŸ¤½ğŸ¼â€â™‚ï¸,ğŸ¤½ğŸ½â€â™‚ï¸,ğŸ¤½ğŸ¾â€â™‚ï¸,ğŸ¤½ğŸ»â€â™‚ï¸,ğŸ¤½ğŸ¼â€â™‚ï¸,ğŸ¤½ğŸ½â€â™‚ï¸,ğŸ¤½ğŸ¾â€â™‚ï¸,ğŸ¤½ğŸ¿â€â™‚ï¸
ğŸ¤½â€â™€ï¸,woman playing water polo water polo swimming pool sports team game,ğŸ¤½ğŸ»â€â™€ï¸,ğŸ¤½ğŸ»â€â™€ï¸,ğŸ¤½ğŸ¼â€â™€ï¸,ğŸ¤½ğŸ»â€â™€ï¸,ğŸ¤½ğŸ¼â€â™€ï¸,ğŸ¤½ğŸ½â€â™€ï¸,ğŸ¤½ğŸ»â€â™€ï¸,ğŸ¤½ğŸ¼â€â™€ï¸,ğŸ¤½ğŸ½â€â™€ï¸,ğŸ¤½ğŸ¾â€â™€ï¸,ğŸ¤½ğŸ»â€â™€ï¸,ğŸ¤½ğŸ¼â€â™€ï¸,ğŸ¤½ğŸ½â€â™€ï¸,ğŸ¤½ğŸ¾â€â™€ï¸,ğŸ¤½ğŸ¿â€â™€ï¸
ğŸ¤¾,person playing handball handball team sport throwing goal,ğŸ¤¾ğŸ»,ğŸ¤¾ğŸ»,ğŸ¤¾ğŸ¼,ğŸ¤¾ğŸ»,ğŸ¤¾ğŸ¼,ğŸ¤¾ğŸ½,ğŸ¤¾ğŸ»,ğŸ¤¾ğŸ¼,ğŸ¤¾ğŸ½,ğŸ¤¾ğŸ¾,ğŸ¤¾ğŸ»,ğŸ¤¾ğŸ¼,ğŸ¤¾ğŸ½,ğŸ¤¾ğŸ¾,ğŸ¤¾ğŸ¿
ğŸ¤¾â€â™‚ï¸,man playing handball handball team sport throwing goal,ğŸ¤¾ğŸ»â€â™‚ï¸,ğŸ¤¾ğŸ»â€â™‚ï¸,ğŸ¤¾ğŸ¼â€â™‚ï¸,ğŸ¤¾ğŸ»â€â™‚ï¸,ğŸ¤¾ğŸ¼â€â™‚ï¸,ğŸ¤¾ğŸ½â€â™‚ï¸,ğŸ¤¾ğŸ»â€â™‚ï¸,ğŸ¤¾ğŸ¼â€â™‚ï¸,ğŸ¤¾ğŸ½â€â™‚ï¸,ğŸ¤¾ğŸ¾â€â™‚ï¸,ğŸ¤¾ğŸ»â€â™‚ï¸,ğŸ¤¾ğŸ¼â€â™‚ï¸,ğŸ¤¾ğŸ½â€â™‚ï¸,ğŸ¤¾ğŸ¾â€â™‚ï¸,ğŸ¤¾ğŸ¿â€â™‚ï¸
ğŸ¤¾â€â™€ï¸,woman playing handball handball team sport throwing goal,ğŸ¤¾ğŸ»â€â™€ï¸,ğŸ¤¾ğŸ»â€â™€ï¸,ğŸ¤¾ğŸ¼â€â™€ï¸,ğŸ¤¾ğŸ»â€â™€ï¸,ğŸ¤¾ğŸ¼â€â™€ï¸,ğŸ¤¾ğŸ½â€â™€ï¸,ğŸ¤¾ğŸ»â€â™€ï¸,ğŸ¤¾ğŸ¼â€â™€ï¸,ğŸ¤¾ğŸ½â€â™€ï¸,ğŸ¤¾ğŸ¾â€â™€ï¸,ğŸ¤¾ğŸ»â€â™€ï¸,ğŸ¤¾ğŸ¼â€â™€ï¸,ğŸ¤¾ğŸ½â€â™€ï¸,ğŸ¤¾ğŸ¾â€â™€ï¸,ğŸ¤¾ğŸ¿â€â™€ï¸
ğŸ¤¹,person juggling juggling multi-tasking keeping it all in the air talent,ğŸ¤¹ğŸ»,ğŸ¤¹ğŸ»,ğŸ¤¹ğŸ¼,ğŸ¤¹ğŸ»,ğŸ¤¹ğŸ¼,ğŸ¤¹ğŸ½,ğŸ¤¹ğŸ»,ğŸ¤¹ğŸ¼,ğŸ¤¹ğŸ½,ğŸ¤¹ğŸ¾,ğŸ¤¹ğŸ»,ğŸ¤¹ğŸ¼,ğŸ¤¹ğŸ½,ğŸ¤¹ğŸ¾,ğŸ¤¹ğŸ¿
ğŸ¤¹â€â™‚ï¸,man juggling juggling multi-tasking keeping it all in the air talent,ğŸ¤¹ğŸ»â€â™‚ï¸,ğŸ¤¹ğŸ»â€â™‚ï¸,ğŸ¤¹ğŸ¼â€â™‚ï¸,ğŸ¤¹ğŸ»â€â™‚ï¸,ğŸ¤¹ğŸ¼â€â™‚ï¸,ğŸ¤¹ğŸ½â€â™‚ï¸,ğŸ¤¹ğŸ»â€â™‚ï¸,ğŸ¤¹ğŸ¼â€â™‚ï¸,ğŸ¤¹ğŸ½â€â™‚ï¸,ğŸ¤¹ğŸ¾â€â™‚ï¸,ğŸ¤¹ğŸ»â€â™‚ï¸,ğŸ¤¹ğŸ¼â€â™‚ï¸,ğŸ¤¹ğŸ½â€â™‚ï¸,ğŸ¤¹ğŸ¾â€â™‚ï¸,ğŸ¤¹ğŸ¿â€â™‚ï¸
ğŸ¤¹â€â™€ï¸,woman juggling juggling multi-tasking keeping it all in the air talent,ğŸ¤¹ğŸ»â€â™€ï¸,ğŸ¤¹ğŸ»â€â™€ï¸,ğŸ¤¹ğŸ¼â€â™€ï¸,ğŸ¤¹ğŸ»â€â™€ï¸,ğŸ¤¹ğŸ¼â€â™€ï¸,ğŸ¤¹ğŸ½â€â™€ï¸,ğŸ¤¹ğŸ»â€â™€ï¸,ğŸ¤¹ğŸ¼â€â™€ï¸,ğŸ¤¹ğŸ½â€â™€ï¸,ğŸ¤¹ğŸ¾â€â™€ï¸,ğŸ¤¹ğŸ»â€â™€ï¸,ğŸ¤¹ğŸ¼â€â™€ï¸,ğŸ¤¹ğŸ½â€â™€ï¸,ğŸ¤¹ğŸ¾â€â™€ï¸,ğŸ¤¹ğŸ¿â€â™€ï¸
ğŸ§˜,person in lotus position yoga zen meditating chill vibes namaste,ğŸ§˜ğŸ»,ğŸ§˜ğŸ»,ğŸ§˜ğŸ¼,ğŸ§˜ğŸ»,ğŸ§˜ğŸ¼,ğŸ§˜ğŸ½,ğŸ§˜ğŸ»,ğŸ§˜ğŸ¼,ğŸ§˜ğŸ½,ğŸ§˜ğŸ¾,ğŸ§˜ğŸ»,ğŸ§˜ğŸ¼,ğŸ§˜ğŸ½,ğŸ§˜ğŸ¾,ğŸ§˜ğŸ¿
ğŸ§˜â€â™‚ï¸,man in lotus position yoga zen meditating chill vibes namaste,ğŸ§˜ğŸ»â€â™‚ï¸,ğŸ§˜ğŸ»â€â™‚ï¸,ğŸ§˜ğŸ¼â€â™‚ï¸,ğŸ§˜ğŸ»â€â™‚ï¸,ğŸ§˜ğŸ¼â€â™‚ï¸,ğŸ§˜ğŸ½â€â™‚ï¸,ğŸ§˜ğŸ»â€â™‚ï¸,ğŸ§˜ğŸ¼â€â™‚ï¸,ğŸ§˜ğŸ½â€â™‚ï¸,ğŸ§˜ğŸ¾â€â™‚ï¸,ğŸ§˜ğŸ»â€â™‚ï¸,ğŸ§˜ğŸ¼â€â™‚ï¸,ğŸ§˜ğŸ½â€â™‚ï¸,ğŸ§˜ğŸ¾â€â™‚ï¸,ğŸ§˜ğŸ¿â€â™‚ï¸
ğŸ§˜â€â™€ï¸,woman in lotus position yoga zen meditating chill vibes namaste,ğŸ§˜ğŸ»â€â™€ï¸,ğŸ§˜ğŸ»â€â™€ï¸,ğŸ§˜ğŸ¼â€â™€ï¸,ğŸ§˜ğŸ»â€â™€ï¸,ğŸ§˜ğŸ¼â€â™€ï¸,ğŸ§˜ğŸ½â€â™€ï¸,ğŸ§˜ğŸ»â€â™€ï¸,ğŸ§˜ğŸ¼â€â™€ï¸,ğŸ§˜ğŸ½â€â™€ï¸,ğŸ§˜ğŸ¾â€â™€ï¸,ğŸ§˜ğŸ»â€â™€ï¸,ğŸ§˜ğŸ¼â€â™€ï¸,ğŸ§˜ğŸ½â€â™€ï¸,ğŸ§˜ğŸ¾â€â™€ï¸,ğŸ§˜ğŸ¿â€â™€ï¸
ğŸ›€,person taking bath bath time self care relax bubble bath,ğŸ›€ğŸ»,ğŸ›€ğŸ»,ğŸ›€ğŸ¼,ğŸ›€ğŸ»,ğŸ›€ğŸ¼,ğŸ›€ğŸ½,ğŸ›€ğŸ»,ğŸ›€ğŸ¼,ğŸ›€ğŸ½,ğŸ›€ğŸ¾,ğŸ›€ğŸ»,ğŸ›€ğŸ¼,ğŸ›€ğŸ½,ğŸ›€ğŸ¾,ğŸ›€ğŸ¿
ğŸ›Œ,person in bed nap time sleepyhead going to bed i'd rather be,ğŸ›ŒğŸ»,ğŸ›ŒğŸ»,ğŸ›ŒğŸ¼,ğŸ›ŒğŸ»,ğŸ›ŒğŸ¼,ğŸ›ŒğŸ½,ğŸ›ŒğŸ»,ğŸ›ŒğŸ¼,ğŸ›ŒğŸ½,ğŸ›ŒğŸ¾,ğŸ›ŒğŸ»,ğŸ›ŒğŸ¼,ğŸ›ŒğŸ½,ğŸ›ŒğŸ¾,ğŸ›ŒğŸ¿
ğŸ§‘â€ğŸ¤â€ğŸ§‘,people holding hands besties ride or die couple goals holding hands,ğŸ§‘ğŸ»â€ğŸ¤â€ğŸ§‘ğŸ»,ğŸ§‘ğŸ»â€ğŸ¤â€ğŸ§‘ğŸ»,ğŸ§‘ğŸ»â€ğŸ¤â€ğŸ§‘ğŸ¼,ğŸ§‘ğŸ»â€ğŸ¤â€ğŸ§‘ğŸ»,ğŸ§‘ğŸ»â€ğŸ¤â€ğŸ§‘ğŸ¼,ğŸ§‘ğŸ»â€ğŸ¤â€ğŸ§‘ğŸ½,ğŸ§‘ğŸ»â€ğŸ¤â€ğŸ§‘ğŸ»,ğŸ§‘ğŸ»â€ğŸ¤â€ğŸ§‘ğŸ¼,ğŸ§‘ğŸ»â€ğŸ¤â€ğŸ§‘ğŸ½,ğŸ§‘ğŸ»â€ğŸ¤â€ğŸ§‘ğŸ¾,ğŸ§‘ğŸ»â€ğŸ¤â€ğŸ§‘ğŸ»,ğŸ§‘ğŸ¼â€ğŸ¤â€ğŸ§‘ğŸ»,ğŸ§‘ğŸ¼â€ğŸ¤â€ğŸ§‘ğŸ¼,ğŸ§‘ğŸ¼â€ğŸ¤â€ğŸ§‘ğŸ½,ğŸ§‘ğŸ¼â€ğŸ¤â€ğŸ§‘ğŸ¾,ğŸ§‘ğŸ¼â€ğŸ¤â€ğŸ§‘ğŸ¿
ğŸ‘­,women holding hands besties girlfriends couple goals holding hands wlw,ğŸ‘­ğŸ»,ğŸ‘­ğŸ»,ğŸ‘©ğŸ»â€ğŸ¤â€ğŸ‘©ğŸ¼,ğŸ‘­ğŸ»,ğŸ‘©ğŸ»â€ğŸ¤â€ğŸ‘©ğŸ¼,ğŸ‘©ğŸ»â€ğŸ¤â€ğŸ‘©ğŸ½,ğŸ‘­ğŸ»,ğŸ‘©ğŸ»â€ğŸ¤â€ğŸ‘©ğŸ¼,ğŸ‘©ğŸ»â€ğŸ¤â€ğŸ‘©ğŸ½,ğŸ‘©ğŸ»â€ğŸ¤â€ğŸ‘©ğŸ¾,ğŸ‘­ğŸ»,ğŸ‘©ğŸ¼â€ğŸ¤â€ğŸ‘©ğŸ»,ğŸ‘©ğŸ¼â€ğŸ¤â€ğŸ‘©ğŸ¼,ğŸ‘©ğŸ¼â€ğŸ¤â€ğŸ‘©ğŸ½,ğŸ‘©ğŸ¼â€ğŸ¤â€ğŸ‘©ğŸ¾,ğŸ‘©ğŸ¼â€ğŸ¤â€ğŸ‘©ğŸ¿
ğŸ‘«,woman and man holding hands couple goals cute couple holding hands straight,ğŸ‘«ğŸ»,ğŸ‘«ğŸ»,ğŸ‘©ğŸ»â€ğŸ¤â€ğŸ‘¨ğŸ¼,ğŸ‘«ğŸ»,ğŸ‘©ğŸ»â€ğŸ¤â€ğŸ‘¨ğŸ¼,ğŸ‘©ğŸ»â€ğŸ¤â€ğŸ‘¨ğŸ½,ğŸ‘«ğŸ»,ğŸ‘©ğŸ»â€ğŸ¤â€ğŸ‘¨ğŸ¼,ğŸ‘©ğŸ»â€ğŸ¤â€ğŸ‘¨ğŸ½,ğŸ‘©ğŸ»â€ğŸ¤â€ğŸ‘¨ğŸ¾,ğŸ‘«ğŸ»,ğŸ‘©ğŸ¼â€ğŸ¤â€ğŸ‘¨ğŸ»,ğŸ‘©ğŸ¼â€ğŸ¤â€ğŸ‘¨ğŸ¼,ğŸ‘©ğŸ¼â€ğŸ¤â€ğŸ‘¨ğŸ½,ğŸ‘©ğŸ¼â€ğŸ¤â€ğŸ‘¨ğŸ¾,ğŸ‘©ğŸ¼â€ğŸ¤â€ğŸ‘¨ğŸ¿
ğŸ‘¬,men holding hands besties boyfriends couple goals holding hands mlm,ğŸ‘¬ğŸ»,ğŸ‘¬ğŸ»,ğŸ‘¨ğŸ»â€ğŸ¤â€ğŸ‘¨ğŸ¼,ğŸ‘¬ğŸ»,ğŸ‘¨ğŸ»â€ğŸ¤â€ğŸ‘¨ğŸ¼,ğŸ‘¨ğŸ»â€ğŸ¤â€ğŸ‘¨ğŸ½,ğŸ‘¬ğŸ»,ğŸ‘¨ğŸ»â€ğŸ¤â€ğŸ‘¨ğŸ¼,ğŸ‘¨ğŸ»â€ğŸ¤â€ğŸ‘¨ğŸ½,ğŸ‘¨ğŸ»â€ğŸ¤â€ğŸ‘¨ğŸ¾,ğŸ‘¬ğŸ»,ğŸ‘¨ğŸ¼â€ğŸ¤â€ğŸ‘¨ğŸ»,ğŸ‘¨ğŸ¼â€ğŸ¤â€ğŸ‘¨ğŸ¼,ğŸ‘¨ğŸ¼â€ğŸ¤â€ğŸ‘¨ğŸ½,ğŸ‘¨ğŸ¼â€ğŸ¤â€ğŸ‘¨ğŸ¾,ğŸ‘¨ğŸ¼â€ğŸ¤â€ğŸ‘¨ğŸ¿
ğŸ’,kiss kissing making out smooches pda love,ğŸ’ğŸ»,ğŸ’ğŸ»,ğŸ’ğŸ¼,ğŸ’ğŸ»,ğŸ’ğŸ¼,ğŸ’ğŸ½,ğŸ’ğŸ»,ğŸ’ğŸ¼,ğŸ’ğŸ½,ğŸ’ğŸ¾,ğŸ’ğŸ»,ğŸ’ğŸ¼,ğŸ’ğŸ½,ğŸ’ğŸ¾,ğŸ’ğŸ¿
ğŸ’‘,couple with heart couple in love relationship goals soulmate together,ğŸ’‘ğŸ»,ğŸ’‘ğŸ»,ğŸ’‘ğŸ¼,ğŸ’‘ğŸ»,ğŸ’‘ğŸ¼,ğŸ’‘ğŸ½,ğŸ’‘ğŸ»,ğŸ’‘ğŸ¼,ğŸ’‘ğŸ½,ğŸ’‘ğŸ¾,ğŸ’‘ğŸ»,ğŸ’‘ğŸ¼,ğŸ’‘ğŸ½,ğŸ’‘ğŸ¾,ğŸ’‘ğŸ¿
ğŸ‘ª,family family time wholesome family goals parenthood,ğŸ‘¨â€ğŸ‘©â€ğŸ‘¦,ğŸ‘¨â€ğŸ‘©â€ğŸ‘¦,ğŸ‘¨â€ğŸ‘©â€ğŸ‘§,ğŸ‘¨â€ğŸ‘©â€ğŸ‘§â€ğŸ‘¦,ğŸ‘¨â€ğŸ‘©â€ğŸ‘¦â€ğŸ‘¦,ğŸ‘¨â€ğŸ‘©â€ğŸ‘§â€ğŸ‘§,ğŸ‘¨â€ğŸ‘¨â€ğŸ‘¦,ğŸ‘¨â€ğŸ‘¨â€ğŸ‘§,ğŸ‘¨â€ğŸ‘¨â€ğŸ‘§â€ğŸ‘¦,ğŸ‘¨â€ğŸ‘¨â€ğŸ‘¦â€ğŸ‘¦,ğŸ‘¨â€ğŸ‘¨â€ğŸ‘§â€ğŸ‘§,ğŸ‘©â€ğŸ‘©â€ğŸ‘¦,ğŸ‘©â€ğŸ‘©â€ğŸ‘§,ğŸ‘©â€ğŸ‘©â€ğŸ‘§â€ğŸ‘¦,ğŸ‘©â€ğŸ‘©â€ğŸ‘¦â€ğŸ‘¦,ğŸ‘©â€ğŸ‘©â€ğŸ‘§â€ğŸ‘§
ğŸ—£ï¸,speaking head spitting facts ranting big news listen up
ğŸ‘¤,bust in silhouette anonymous profile pic incognito mysterious stranger
ğŸ‘¥,busts in silhouette the squad group chat clique team
ğŸ«‚,people hugging hugs comfort support here for you sending love
ğŸ‘£,footprints hot girl walk steps journey following in footsteps
