ğŸ,chequered flag finish line winner race over done checkered flag
ğŸš©,triangular flag red flag warning dealbreaker major yikes nope
ğŸŒ,crossed flags Japan Japanese culture challenge versus competition
ğŸ´,black flag rebellion anarchy pirate life goth flag no surrender
ğŸ³ï¸,white flag I surrender giving up truce peace defeated
ğŸ³ï¸â€ğŸŒˆ,rainbow flag gay pride LGBTQ+ gay pride love is love queer
ğŸ³ï¸â€âš§ï¸,transgender flag trans pride protect trans kids trans rights transgender affirmation
ğŸ´â€â˜ ï¸,pirate flag jolly roger pirate life arrr sea of thieves one piece
ğŸ‡¦ğŸ‡¨,flag: Ascension Island ascencion atlantic island uk territory remote volcanic
ğŸ‡¦ğŸ‡©,flag: Andorra andorran pyrenees europe microstate skiing
ğŸ‡¦ğŸ‡ª,flag: United Arab Emirates uae dubai abu dhabi middle east luxury
ğŸ‡¦ğŸ‡«,flag: Afghanistan afghan kabul central asia resilient pashto
ğŸ‡¦ğŸ‡¬,flag: Antigua & Barbuda antiguan barbudan caribbean beach life island vibes
ğŸ‡¦ğŸ‡®,flag: Anguilla anguillan caribbean beaches luxury travel island getaway
ğŸ‡¦ğŸ‡±,flag: Albania albanian tirana balkan eagle beautiful nature
ğŸ‡¦ğŸ‡²,flag: Armenia armenian yerevan caucasus ancient history diaspora
ğŸ‡¦ğŸ‡´,flag: Angola angolan luanda africa oil portuguese speaking
ğŸ‡¦ğŸ‡¶,flag: Antarctica penguins south pole ice cold research station
ğŸ‡¦ğŸ‡·,flag: Argentina argentine messi buenos aires tango patagonia
ğŸ‡¦ğŸ‡¸,flag: American Samoa samoan polynesia us territory pacific island tropical
ğŸ‡¦ğŸ‡¹,flag: Austria austrian vienna alps classical music mozart
ğŸ‡¦ğŸ‡º,flag: Australia aussie down under sydney kangaroos outback
ğŸ‡¦ğŸ‡¼,flag: Aruba aruban caribbean one happy island beaches vacation
ğŸ‡¦ğŸ‡½,flag: Ã…land Islands aland finland swedish speaking archipelago baltic sea
ğŸ‡¦ğŸ‡¿,flag: Azerbaijan azerbaijani baku land of fire caucasus oil rich
ğŸ‡§ğŸ‡¦,flag: Bosnia & Herzegovina bosnian sarajevo balkans history bridges
ğŸ‡§ğŸ‡§,flag: Barbados bajan rihanna caribbean beautiful beaches rum
ğŸ‡§ğŸ‡©,flag: Bangladesh bangladeshi dhaka south asia bengali textiles
ğŸ‡§ğŸ‡ª,flag: Belgium belgian brussels waffles chocolate EU headquarters
ğŸ‡§ğŸ‡«,flag: Burkina Faso burkinabe ouagadougou west africa sahel mossi
ğŸ‡§ğŸ‡¬,flag: Bulgaria bulgarian sofia balkans roses cyrillic alphabet
ğŸ‡§ğŸ‡­,flag: Bahrain bahraini manama middle east pearl diving island kingdom
ğŸ‡§ğŸ‡®,flag: Burundi burundian gitega east africa great lakes coffee
ğŸ‡§ğŸ‡¯,flag: Benin beninese porto-novo west africa voodoo dahomey
ğŸ‡§ğŸ‡±,flag: St. BarthÃ©lemy st barts caribbean luxury celebrity hotspot french island
ğŸ‡§ğŸ‡²,flag: Bermuda bermudian bermuda triangle pink sand beaches shorts atlantic island
ğŸ‡§ğŸ‡³,flag: Brunei bruneian southeast asia oil sultanate borneo wealthy nation
ğŸ‡§ğŸ‡´,flag: Bolivia bolivian la paz salt flats andes indigenous culture
ğŸ‡§ğŸ‡¶,flag: Caribbean Netherlands bonaire sint eustatius saba dutch caribbean special municipality
ğŸ‡§ğŸ‡·,flag: Brazil brazilian rio de janeiro carnival soccer amazon rainforest
ğŸ‡§ğŸ‡¸,flag: Bahamas bahamian nassau caribbean pristine beaches paradise
ğŸ‡§ğŸ‡¹,flag: Bhutan bhutanese himalayas gross national happiness dragon kingdom peaceful
ğŸ‡§ğŸ‡»,flag: Bouvet Island uninhabited subantarctic norwegian territory remote volcanic island
ğŸ‡§ğŸ‡¼,flag: Botswana botswanan gaborone southern africa safari okavango delta
ğŸ‡§ğŸ‡¾,flag: Belarus belarusian minsk eastern europe white russia potatoes
ğŸ‡§ğŸ‡¿,flag: Belize belizean great blue hole central america caribbean coast mayan ruins
ğŸ‡¨ğŸ‡¦,flag: Canada canadian maple syrup hockey poutine eh
ğŸ‡¨ğŸ‡¨,flag: Cocos (Keeling) Islands cocos islands australian territory indian ocean remote atoll tropical paradise
ğŸ‡¨ğŸ‡©,flag: Congo - Kinshasa congolese drc central africa kinshasa congo river
ğŸ‡¨ğŸ‡«,flag: Central African Republic car bangui central africa landlocked diverse wildlife
ğŸ‡¨ğŸ‡¬,flag: Congo - Brazzaville congolese brazzaville republic of the congo central africa oil
ğŸ‡¨ğŸ‡­,flag: Switzerland swiss alps chocolate watches neutrality
ğŸ‡¨ğŸ‡®,flag: CÃ´te dâ€™Ivoire ivorian ivory coast west africa cocoa abidjan
ğŸ‡¨ğŸ‡°,flag: Cook Islands cook islander polynesia rarotonga paradise pacific vacation
ğŸ‡¨ğŸ‡±,flag: Chile chilean santiago andes patagonia long country
ğŸ‡¨ğŸ‡²,flag: Cameroon cameroonian yaoundÃ© central africa indomitable lions diverse culture
ğŸ‡¨ğŸ‡³,flag: China chinese beijing great wall manufacturing mandarin
ğŸ‡¨ğŸ‡´,flag: Colombia colombian bogotÃ¡ coffee shakira vibrant culture
ğŸ‡¨ğŸ‡µ,flag: Clipperton Island uninhabited pacific french territory remote atoll scientific research
ğŸ‡¨ğŸ‡·,flag: Costa Rica costa rican pura vida central america ecotourism rainforest
ğŸ‡¨ğŸ‡º,flag: Cuba cuban havana cigars classic cars salsa
ğŸ‡¨ğŸ‡»,flag: Cape Verde cape verdean praia atlantic islands african archipelago morna music
ğŸ‡¨ğŸ‡¼,flag: CuraÃ§ao curacaoan blue curaÃ§ao dutch caribbean colorful architecture beaches
ğŸ‡¨ğŸ‡½,flag: Christmas Island christmas islander australian territory indian ocean red crabs unique wildlife
ğŸ‡¨ğŸ‡¾,flag: Cyprus cypriot mediterranean island nation halloumi ancient ruins
ğŸ‡¨ğŸ‡¿,flag: Czechia czech prague central europe beer bohemian
ğŸ‡©ğŸ‡ª,flag: Germany german berlin beer bratwurst autobahn
ğŸ‡©ğŸ‡¬,flag: Diego Garcia military base indian ocean british territory strategic location restricted access
ğŸ‡©ğŸ‡¯,flag: Djibouti djiboutian horn of africa red sea strategic port hot climate
ğŸ‡©ğŸ‡°,flag: Denmark danish copenhagen hygge vikings lego
ğŸ‡©ğŸ‡²,flag: Dominica dominican nature isle caribbean rainforests boiling lake
ğŸ‡©ğŸ‡´,flag: Dominican Republic dominican punta cana baseball merengue caribbean vacation
ğŸ‡©ğŸ‡¿,flag: Algeria algerian algiers north africa sahara desert berber culture
ğŸ‡ªğŸ‡¦,flag: Ceuta & Melilla spanish exclave north africa mediterranean border spanish territory
ğŸ‡ªğŸ‡¨,flag: Ecuador ecuadorian quito galapagos islands andes equator
ğŸ‡ªğŸ‡ª,flag: Estonia estonian tallinn baltic e-residency tech hub
ğŸ‡ªğŸ‡¬,flag: Egypt egyptian cairo pyramids pharaohs nile river
ğŸ‡ªğŸ‡­,flag: Western Sahara sahrawi disputed territory north africa sahara desert polisario front
ğŸ‡ªğŸ‡·,flag: Eritrea eritrean asmara horn of africa red sea italian architecture
ğŸ‡ªğŸ‡¸,flag: Spain spanish madrid barcelona flamenco tapas
ğŸ‡ªğŸ‡¹,flag: Ethiopia ethiopian addis ababa coffee origin ancient kingdom horn of africa
ğŸ‡ªğŸ‡º,flag: European Union eu brussels europe unity euro
ğŸ‡«ğŸ‡®,flag: Finland finnish helsinki sauna northern lights happiest country
ğŸ‡«ğŸ‡¯,flag: Fiji fijian pacific paradise rugby bula tropical islands
ğŸ‡«ğŸ‡°,flag: Falkland Islands falklander south atlantic british territory penguins remote
ğŸ‡«ğŸ‡²,flag: Micronesia micronesian pacific islands palikir tropical diving
ğŸ‡«ğŸ‡´,flag: Faroe Islands faroese north atlantic dramatic landscapes puffins sheep
ğŸ‡«ğŸ‡·,flag: France french paris eiffel tower croissants bonjour
ğŸ‡¬ğŸ‡¦,flag: Gabon gabonese libreville central africa rainforests oil producer
ğŸ‡¬ğŸ‡§,flag: United Kingdom uk british london tea queen
ğŸ‡¬ğŸ‡©,flag: Grenada grenadian spice isle caribbean nutmeg beautiful beaches
ğŸ‡¬ğŸ‡ª,flag: Georgia georgian tbilisi caucasus wine cradle of wine
ğŸ‡¬ğŸ‡«,flag: French Guiana guianese south america french territory space center amazon
ğŸ‡¬ğŸ‡¬,flag: Guernsey guernsey channel islands british crown dependency finance coastline
ğŸ‡¬ğŸ‡­,flag: Ghana ghanaian accra west africa gold coast azonto dance
ğŸ‡¬ğŸ‡®,flag: Gibraltar gibraltarian the rock british territory monkeys strait of gibraltar
ğŸ‡¬ğŸ‡±,flag: Greenland greenlandic nuuk arctic icebergs inuit culture
ğŸ‡¬ğŸ‡²,flag: Gambia gambian banjul west africa smiling coast river gambia
ğŸ‡¬ğŸ‡³,flag: Guinea guinean conakry west africa bauxite rich resources
ğŸ‡¬ğŸ‡µ,flag: Guadeloupe guadeloupean caribbean french overseas region butterfly island beaches
ğŸ‡¬ğŸ‡¶,flag: Equatorial Guinea equatoguinean malabo central africa oil rich spanish speaking
ğŸ‡¬ğŸ‡·,flag: Greece greek athens ancient history mythology beautiful islands
ğŸ‡¬ğŸ‡¸,flag: South Georgia & South Sandwich Islands remote south atlantic wildlife haven penguins british territory
ğŸ‡¬ğŸ‡¹,flag: Guatemala guatemalan guatemala city mayan ruins lake atitlan colorful culture
ğŸ‡¬ğŸ‡º,flag: Guam guamanian us territory pacific where america's day begins chamorro culture
ğŸ‡¬ğŸ‡¼,flag: Guinea-Bissau bissau-guinean west africa cashews portuguese-creole biodiversity
ğŸ‡¬ğŸ‡¾,flag: Guyana guyanese georgetown south america land of many waters kaieteur falls
ğŸ‡­ğŸ‡°,flag: Hong Kong SAR China hongkonger dim sum skyline cantonese financial hub
ğŸ‡­ğŸ‡²,flag: Heard & McDonald Islands uninhabited antarctic australian territory volcanic remote
ğŸ‡­ğŸ‡³,flag: Honduras honduran tegucigalpa central america mayan ruins banana republic
ğŸ‡­ğŸ‡·,flag: Croatia croatian zagreb adriatic sea game of thrones beautiful coast
ğŸ‡­ğŸ‡¹,flag: Haiti haitian port-au-prince caribbean creole resilient nation
ğŸ‡­ğŸ‡º,flag: Hungary hungarian budapest goulash danube river paprika
ğŸ‡®ğŸ‡¨,flag: Canary Islands canarian spanish islands tenerife volcanic landscapes year-round sun
ğŸ‡®ğŸ‡©,flag: Indonesia indonesian jakarta bali southeast asia thousands of islands
ğŸ‡®ğŸ‡ª,flag: Ireland irish dublin st. patrick's day Guinness luck of the irish
ğŸ‡®ğŸ‡±,flag: Israel israeli jerusalem tel aviv middle east tech startup nation
ğŸ‡®ğŸ‡²,flag: Isle of Man manx british crown dependency tt races cats with no tails celtic
ğŸ‡®ğŸ‡³,flag: India indian new delhi bollywood curry taj mahal
ğŸ‡®ğŸ‡´,flag: British Indian Ocean Territory chagos archipelago uk territory military base restricted indian ocean
ğŸ‡®ğŸ‡¶,flag: Iraq iraqi baghdad mesopotamia middle east ancient history
ğŸ‡®ğŸ‡·,flag: Iran iranian tehran persia rich history middle east
ğŸ‡®ğŸ‡¸,flag: Iceland icelandic reykjavik northern lights volcanoes land of fire and ice
ğŸ‡®ğŸ‡¹,flag: Italy italian rome pizza pasta colosseum
ğŸ‡¯ğŸ‡ª,flag: Jersey jersey channel islands british crown dependency finance jersey cow
ğŸ‡¯ğŸ‡²,flag: Jamaica jamaican kingston reggae bob marley jerk chicken
ğŸ‡¯ğŸ‡´,flag: Jordan jordanian amman petra dead sea middle eastern hospitality
ğŸ‡¯ğŸ‡µ,flag: Japan japanese tokyo anime sushi cherry blossoms
ğŸ‡°ğŸ‡ª,flag: Kenya kenyan nairobi safari marathon runners east africa
ğŸ‡°ğŸ‡¬,flag: Kyrgyzstan kyrgyz bishkek central asia mountains nomadic culture
ğŸ‡°ğŸ‡­,flag: Cambodia cambodian phnom penh angkor wat southeast asia khmer
ğŸ‡°ğŸ‡®,flag: Kiribati i-kiribati pacific island nation climate change risk atolls beautiful lagoons
ğŸ‡°ğŸ‡²,flag: Comoros comoran moroni indian ocean island nation volcanic islands
ğŸ‡°ğŸ‡³,flag: St. Kitts & Nevis kittitian nevisian caribbean two islands one paradise sugar cane history
ğŸ‡°ğŸ‡µ,flag: North Korea dprk pyongyang supreme leader juche isolated nation
ğŸ‡°ğŸ‡·,flag: South Korea korean seoul k-pop kimchi samsung
ğŸ‡°ğŸ‡¼,flag: Kuwait kuwaiti kuwait city middle east oil rich desert nation
ğŸ‡°ğŸ‡¾,flag: Cayman Islands caymanian caribbean tax haven beautiful beaches stingray city
ğŸ‡°ğŸ‡¿,flag: Kazakhstan kazakh nur-sultan central asia largest landlocked country borat
ğŸ‡±ğŸ‡¦,flag: Laos laotian vientiane southeast asia mekong river laid-back vibe
ğŸ‡±ğŸ‡§,flag: Lebanon lebanese beirut middle east amazing food resilient culture
ğŸ‡±ğŸ‡¨,flag: St. Lucia st lucian castries caribbean pitons honeymoon destination
ğŸ‡±ğŸ‡®,flag: Liechtenstein liechtensteiner vaduz alpine microstate wealthy between switzerland and austria
ğŸ‡±ğŸ‡°,flag: Sri Lanka sri lankan colombo tea plantations beautiful beaches south asia
ğŸ‡±ğŸ‡·,flag: Liberia liberian monrovia west africa first african republic resilient
ğŸ‡±ğŸ‡¸,flag: Lesotho basotho maseru mountain kingdom landlocked by south africa blankets
ğŸ‡±ğŸ‡¹,flag: Lithuania lithuanian vilnius baltic basketball amber
ğŸ‡±ğŸ‡º,flag: Luxembourg luxembourger europe wealthy small country grand duchy
ğŸ‡±ğŸ‡»,flag: Latvia latvian riga baltic beautiful forests art nouveau architecture
ğŸ‡±ğŸ‡¾,flag: Libya libyan tripoli north africa sahara desert ancient roman ruins
ğŸ‡²ğŸ‡¦,flag: Morocco moroccan rabat marrakech tagine beautiful riads
ğŸ‡²ğŸ‡¨,flag: Monaco monÃ©gasque monte carlo luxury grand prix principality
ğŸ‡²ğŸ‡©,flag: Moldova moldovan chisinau eastern europe wine country landlocked
ğŸ‡²ğŸ‡ª,flag: Montenegro montenegrin podgorica balkans beautiful coastline mountains
ğŸ‡²ğŸ‡«,flag: St. Martin saint martin caribbean dual-nation island french side beaches
ğŸ‡²ğŸ‡¬,flag: Madagascar malagasy antananarivo lemurs unique wildlife island nation
ğŸ‡²ğŸ‡­,flag: Marshall Islands marshallese majuro pacific atolls threatened by sea level rise
ğŸ‡²ğŸ‡°,flag: North Macedonia macedonian skopje balkans ancient history lake ohrid
ğŸ‡²ğŸ‡±,flag: Mali malian bamako west africa timbuktu dogon country
ğŸ‡²ğŸ‡²,flag: Myanmar (Burma) myanma naypyidaw southeast asia pagodas burmese
ğŸ‡²ğŸ‡³,flag: Mongolia mongolian ulaanbaatar genghis khan Gobi desert nomadic lifestyle
ğŸ‡²ğŸ‡´,flag: Macao SAR China macanese vegas of china egg tarts portuguese influence gambling
ğŸ‡²ğŸ‡µ,flag: Northern Mariana Islands saipan us commonwealth pacific tropical paradise history
ğŸ‡²ğŸ‡¶,flag: Martinique martinican caribbean french island mount pelÃ©e creole culture
ğŸ‡²ğŸ‡·,flag: Mauritania mauritanian nouakchott west africa sahara desert iron ore train
ğŸ‡²ğŸ‡¸,flag: Montserrat montserratian soufriÃ¨re hills volcano caribbean emerald isle british territory
ğŸ‡²ğŸ‡¹,flag: Malta maltese valletta mediterranean knights of malta beautiful architecture
ğŸ‡²ğŸ‡º,flag: Mauritius mauritian port louis indian ocean paradise island dodo bird
ğŸ‡²ğŸ‡»,flag: Maldives maldivian malÃ© paradise overwater bungalows honeymoon destination
ğŸ‡²ğŸ‡¼,flag: Malawi malawian lilongwe warm heart of africa lake malawi friendly people
ğŸ‡²ğŸ‡½,flag: Mexico mexican mexico city tacos sombreros fiesta
ğŸ‡²ğŸ‡¾,flag: Malaysia malaysian kuala lumpur petronas towers truly asia diverse culture
ğŸ‡²ğŸ‡¿,flag: Mozambique mozambican maputo southeast africa beautiful coastline prawns
ğŸ‡³ğŸ‡¦,flag: Namibia namibian windhoek southern africa Namib desert sand dunes
ğŸ‡³ğŸ‡¨,flag: New Caledonia new caledonian noumÃ©a french territory pacific nickel rich
ğŸ‡³ğŸ‡ª,flag: Niger nigerien niamey west africa sahara desert landlocked
ğŸ‡³ğŸ‡«,flag: Norfolk Island norfolk islander australian territory pacific history pine trees
ğŸ‡³ğŸ‡¬,flag: Nigeria nigerian abuja nollywood jollof rice afrobeat
ğŸ‡³ğŸ‡®,flag: Nicaragua nicaraguan managua central america lakes and volcanoes gallo pinto
ğŸ‡³ğŸ‡±,flag: Netherlands dutch amsterdam tulips windmills canals
ğŸ‡³ğŸ‡´,flag: Norway norwegian oslo fjords vikings northern lights
ğŸ‡³ğŸ‡µ,flag: Nepal nepalese kathmandu mount everest himalayas birthplace of buddha
ğŸ‡³ğŸ‡·,flag: Nauru nauruan smallest island nation pacific phosphate mining history remote
ğŸ‡³ğŸ‡º,flag: Niue niuean pacific island rock of polynesia small population coral atoll
ğŸ‡³ğŸ‡¿,flag: New Zealand kiwi aotearoa lord of the rings hobbiton all blacks
ğŸ‡´ğŸ‡²,flag: Oman omani muscat middle east beautiful wadis frankincense
ğŸ‡µğŸ‡¦,flag: Panama panamanian panama city panama canal central america crossroads of the world
ğŸ‡µğŸ‡ª,flag: Peru peruvian lima machu picchu llamas inca empire
ğŸ‡µğŸ‡«,flag: French Polynesia tahiti bora bora pacific paradise overwater bungalows french territory
ğŸ‡µğŸ‡¬,flag: Papua New Guinea papua new guinean port moresby diverse cultures birds of paradise remote
ğŸ‡µğŸ‡­,flag: Philippines filipino manila beautiful beaches adobo friendly people
ğŸ‡µğŸ‡°,flag: Pakistan pakistani islamabad south asia rich history beautiful mountains
ğŸ‡µğŸ‡±,flag: Poland polish warsaw pierogi rich history resilient nation
ğŸ‡µğŸ‡²,flag: St. Pierre & Miquelon french territory north america european vibe colorful houses near canada
ğŸ‡µğŸ‡³,flag: Pitcairn Islands pitcairn british territory pacific mutiny on the bounty remote
ğŸ‡µğŸ‡·,flag: Puerto Rico puerto rican san juan bad bunny mofongo us territory
ğŸ‡µğŸ‡¸,flag: Palestinian Territories palestinian ramallah middle east free palestine rich culture
ğŸ‡µğŸ‡¹,flag: Portugal portuguese lisbon ronaldo pastÃ©is de nata beautiful coast
ğŸ‡µğŸ‡¼,flag: Palau palauan pacific rock islands pristine diving jellyfish lake
ğŸ‡µğŸ‡¾,flag: Paraguay paraguayan asunciÃ³n south america tererÃ© landlocked
ğŸ‡¶ğŸ‡¦,flag: Qatar qatari doha middle east world cup 2022 wealthy nation
ğŸ‡·ğŸ‡ª,flag: RÃ©union rÃ©unionnais french island indian ocean active volcano diverse landscapes
ğŸ‡·ğŸ‡´,flag: Romania romanian bucharest dracula transylvania beautiful castles
ğŸ‡·ğŸ‡¸,flag: Serbia serbian belgrade balkans tesla vibrant nightlife
ğŸ‡·ğŸ‡º,flag: Russia russian moscow vodka bears largest country
ğŸ‡·ğŸ‡¼,flag: Rwanda rwandan kigali land of a thousand hills gorillas remarkable recovery
ğŸ‡¸ğŸ‡¦,flag: Saudi Arabia saudi riyadh mecca oil desert kingdom
ğŸ‡¸ğŸ‡§,flag: Solomon Islands solomon islander honiara pacific world war ii history diving
ğŸ‡¸ğŸ‡¨,flag: Seychelles seychellois victoria indian ocean paradise beautiful beaches granite islands
ğŸ‡¸ğŸ‡©,flag: Sudan sudanese khartoum north africa nile river ancient pyramids
ğŸ‡¸ğŸ‡ª,flag: Sweden swedish stockholm ikea ABBA meatballs
ğŸ‡¸ğŸ‡¬,flag: Singapore singaporean garden city amazing food merlion strict laws
ğŸ‡¸ğŸ‡­,flag: St. Helena st helenian british territory remote atlantic island napoleon's exile airport
ğŸ‡¸ğŸ‡®,flag: Slovenia slovenian ljubljana beautiful nature lake bled hidden gem of europe
ğŸ‡¸ğŸ‡¯,flag: Svalbard & Jan Mayen svalbard arctic polar bears northernmost town norwegian archipelago
ğŸ‡¸ğŸ‡°,flag: Slovakia slovak bratislava central europe tatra mountains beautiful castles
ğŸ‡¸ğŸ‡±,flag: Sierra Leone sierra leonean freetown west africa diamonds resilient people
ğŸ‡¸ğŸ‡²,flag: San Marino sammarinese oldest republic microstate surrounded by italy mount titano
ğŸ‡¸ğŸ‡³,flag: Senegal senegalese dakar west africa teranga (hospitality) jollof rice debate
ğŸ‡¸ğŸ‡´,flag: Somalia somali mogadishu horn of africa resilient coastline
ğŸ‡¸ğŸ‡·,flag: Suriname surinamese paramaribo south america diverse culture rainforest
ğŸ‡¸ğŸ‡¸,flag: South Sudan south sudanese juba east-central africa newest country rich in oil
ğŸ‡¸ğŸ‡¹,flag: SÃ£o TomÃ© & PrÃ­ncipe sÃ£o tomÃ©an african island nation chocolate coffee paradise
ğŸ‡¸ğŸ‡»,flag: El Salvador salvadoran san salvador central america pupusas volcanoes
ğŸ‡¸ğŸ‡½,flag: Sint Maarten sint maarten dutch side caribbean maho beach planes shared island
ğŸ‡¸ğŸ‡¾,flag: Syria syrian damascus middle east ancient civilization resilient people
ğŸ‡¸ğŸ‡¿,flag: Eswatini swazi mbabane southern africa monarchy beautiful landscapes
ğŸ‡¹ğŸ‡¦,flag: Tristan da Cunha most remote inhabited island british territory south atlantic volcano small community
ğŸ‡¹ğŸ‡¨,flag: Turks & Caicos Islands turks and caicos beautiful by nature caribbean luxury travel pristine beaches
ğŸ‡¹ğŸ‡©,flag: Chad chadian n'djamena central africa sahara desert lake chad
ğŸ‡¹ğŸ‡«,flag: French Southern Territories uninhabited antarctic french territory scientific research remote
ğŸ‡¹ğŸ‡¬,flag: Togo togolese lomÃ© west africa voodoo market friendly people
ğŸ‡¹ğŸ‡­,flag: Thailand thai bangkok pad thai beautiful temples land of smiles
ğŸ‡¹ğŸ‡¯,flag: Tajikistan tajik dushanbe central asia pamir mountains persian culture
ğŸ‡¹ğŸ‡°,flag: Tokelau tokelauan new zealand territory remote atolls pacific solar powered
ğŸ‡¹ğŸ‡±,flag: Timor-Leste timorese dili southeast asia newest asian country coffee
ğŸ‡¹ğŸ‡²,flag: Turkmenistan turkmen ashgabat central asia gates of hell neutral country
ğŸ‡¹ğŸ‡³,flag: Tunisia tunisian tunis north africa star wars filming location beautiful beaches
ğŸ‡¹ğŸ‡´,flag: Tonga tongan nukuÊ»alofa friendly islands pacific rugby passion
ğŸ‡¹ğŸ‡·,flag: Turkey turkish ankara istanbul kebabs turkish delight
ğŸ‡¹ğŸ‡¹,flag: Trinidad & Tobago trinidadian tobagonian caribbean carnival soca music
ğŸ‡¹ğŸ‡»,flag: Tuvalu tuvaluan funafuti pacific island nation sinking island climate change
ğŸ‡¹ğŸ‡¼,flag: Taiwan taiwanese taipei bubble tea night markets tech powerhouse
ğŸ‡¹ğŸ‡¿,flag: Tanzania tanzanian dodoma serengeti mount kilimanjaro safari
ğŸ‡ºğŸ‡¦,flag: Ukraine ukrainian kyiv sunflower stand with ukraine brave
ğŸ‡ºğŸ‡¬,flag: Uganda ugandan kampala pearl of africa gorillas source of the nile
ğŸ‡ºğŸ‡²,flag: U.S. Outlying Islands uninhabited pacific islands us territories remote nature reserves
ğŸ‡ºğŸ‡³,flag: United Nations un new york geneva peace global cooperation
ğŸ‡ºğŸ‡¸,flag: United States usa american murica freedom bald eagle
ğŸ‡ºğŸ‡¾,flag: Uruguay uruguayan montevideo south america mate first world cup winner
ğŸ‡ºğŸ‡¿,flag: Uzbekistan uzbek tashkent central asia silk road beautiful mosques
ğŸ‡»ğŸ‡¦,flag: Vatican City vatican smallest country pope holy see rome
ğŸ‡»ğŸ‡¨,flag: St. Vincent & Grenadines vincy kingstown caribbean beautiful islands sailing
ğŸ‡»ğŸ‡ª,flag: Venezuela venezuelan caracas south america arepas beautiful nature
ğŸ‡»ğŸ‡¬,flag: British Virgin Islands bvi road town caribbean sailing capital beautiful beaches
ğŸ‡»ğŸ‡®,flag: U.S. Virgin Islands usvi charlotte amalie american caribbean beautiful beaches st croix
ğŸ‡»ğŸ‡³,flag: Vietnam vietnamese hanoi pho southeast asia beautiful landscapes
ğŸ‡»ğŸ‡º,flag: Vanuatu ni-vanuatu port vila pacific volcanoes bungee jumping origin
ğŸ‡¼ğŸ‡«,flag: Wallis & Futuna wallisian futunan french territory polynesia remote islands
ğŸ‡¼ğŸ‡¸,flag: Samoa samoan apia polynesia rugby beautiful culture
ğŸ‡½ğŸ‡°,flag: Kosovo kosovan pristina balkans newly independent vibrant youth
ğŸ‡¾ğŸ‡ª,flag: Yemen yemeni sana'a middle east ancient history rich culture
ğŸ‡¾ğŸ‡¹,flag: Mayotte mahoran french department indian ocean comoros archipelago lagoon
ğŸ‡¿ğŸ‡¦,flag: South Africa south african pretoria rainbow nation nelson mandela vuvuzela
ğŸ‡¿ğŸ‡²,flag: Zambia zambian lusaka southern africa victoria falls wildlife safari
ğŸ‡¿ğŸ‡¼,flag: Zimbabwe zimbabwean harare southern africa great zimbabwe victoria falls
ğŸ´ó §ó ¢ó ¥ó ®ó §ó ¿,flag: England english london it's coming home tea and crumpets premier league
ğŸ´ó §ó ¢ó ³ó £ó ´ó ¿,flag: Scotland scottish edinburgh highlands bagpipes nessie
ğŸ´ó §ó ¢ó ·ó ¬ó ³ó ¿,flag: Wales welsh cardiff dragons castles rugby
