ğŸŒ,globe showing Europe-Africa motherland world travel international earth
ğŸŒ,globe showing Americas the americas world travel international earth
ğŸŒ,globe showing Asia-Australia down under east asia world travel international
ğŸŒ,globe with meridians internet www global network connection worldwide
ğŸ—ºï¸,world map adventure awaits travel plans where to next explore wanderlust
ğŸ—¾,map of Japan anime land tokyo travel asia otaku
ğŸ§­,compass find your way true north direction explorer adventure
ğŸ”ï¸,snow-capped mountain winter wonderland skiing snowboarding adventure cold
â›°ï¸,mountain hiking adventure nature outdoors climb explore
ğŸŒ‹,volcano the floor is lava eruption danger hot hot hot disaster
ğŸ—»,mount fuji japan iconic landmark travel fujisan beautiful view
ğŸ•ï¸,camping outdoors s'mores campfire tent nature vibes adventure
ğŸ–ï¸,beach with umbrella vacation mode hot girl summer beach day chilling relaxing
ğŸœï¸,desert dry hot sahara dune desolate sandy
ğŸï¸,desert island castaway survivor paradise lost alone tropical
ğŸï¸,national park get outside nature lover hiking trail beautiful scenery preservation
ğŸŸï¸,stadium game day sports concert arena big event crowd
ğŸ›ï¸,classical building dark academia history museum government art ancient
ğŸ—ï¸,building construction under construction work in progress development building new things crane
ğŸ§±,brick wall thicc solid building material laying bricks
ğŸª¨,rock dwayne the rock johnson solid sturdy nature geology
ğŸªµ,wood log cabin vibes cozy nature lumberjack morning wood
ğŸ›–,hut simple life rustic village primitive shelter small house
ğŸ˜ï¸,houses suburbia neighborhood community cookie cutter living
ğŸšï¸,derelict house haunted house spooky abandoned fixer upper creepy
ğŸ ,house home sweet home staycation address new house crib
ğŸ¡,house with garden cottagecore dream home suburb life cozy yard
ğŸ¢,office building corporate life 9 to 5 the office hustle city life
ğŸ£,Japanese post office japan mail post office send a letter package
ğŸ¤,post office snail mail sending letters package delivery mailbox post
ğŸ¥,hospital get well soon doctor's office emergency room healthcare sick
ğŸ¦,bank making money secure the bag broke rich finances
ğŸ¨,hotel vacation travel check in room service getaway holiday
ğŸ©,love hotel sneaky link cuffing season hookup no tell hotel rendezvous
ğŸª,convenience store 7-eleven late night snack run bodegacore junk food slurpee
ğŸ«,school back to school no more pencils school's out homework education teacher
ğŸ¬,department store shopping spree retail therapy mall day treat yourself window shopping
ğŸ­,factory industrial revolution working class pollution manufacturing industry
ğŸ¯,Japanese castle shogun samurai history japan travel fortress
ğŸ°,castle fairytale princess disney royalty medieval fortress
ğŸ’’,wedding getting married i do bride and groom tying the knot celebration
ğŸ—¼,Tokyo tower japan travel city landmark eiffel tower dupe tokyo
ğŸ—½,Statue of Liberty new york city usa freedom america landmark nyc
â›ª,church sunday service wedding funeral faith building religion amen
ğŸ•Œ,mosque islam ramadan prayer eid jummah muslim
ğŸ›•,hindu temple mandir diwali hinduism prayer worship puja
ğŸ•,synagogue judaism shabbat hanukkah torah prayer jewish
â›©ï¸,shinto shrine japan torii gate kami spirits worship shinto
ğŸ•‹,kaaba mecca islam hajj pilgrimage qibla muslim
â›²,fountain make a wish water feature park relaxing pretty wishing well
â›º,tent camping outdoors festival glamping roughing it campsite
ğŸŒ,foggy san francisco golden gate bridge misty low visibility weather fog
ğŸŒƒ,night with stars city lights stargazing late night vibes aesthetic skyline
ğŸ™ï¸,cityscape big city life concrete jungle downtown urban metropolis
ğŸŒ„,sunrise over mountains golden hour morning hike beautiful view early bird adventure
ğŸŒ…,sunrise good morning new day fresh start beautiful sky beach dawn
ğŸŒ†,cityscape at dusk sunset vibes golden hour city lights evening skyline
ğŸŒ‡,sunset golden hour beautiful ending chasing sunsets beach vibes aesthetic
ğŸŒ‰,bridge at night city lights skyline beautiful view romantic spot architecture bridge
â™¨ï¸,hot springs onsen japan spa day relax unwind hot tub
ğŸ ,carousel horse amusement park childhood memories merry go round fun fair carnival
ğŸ›,playground slide childhood fun park slide playground weee
ğŸ¡,ferris wheel coachella amusement park carnival date night view from the top festival
ğŸ¢,roller coaster theme park adrenaline junkie thrill ride scream fun six flags
ğŸ’ˆ,barber pole fresh cut haircut fade trim barbershop new do
ğŸª,circus tent clown show big top the greatest showman entertainment circus clown
ğŸš‚,locomotive thomas the tank engine all aboard train vintage choo choo steam engine
ğŸšƒ,railway car train travel passenger public transport commute coach
ğŸš„,high-speed train bullet train fast travel efficient public transport modern
ğŸš…,bullet train shinkansen japan fast efficient modern travel
ğŸš†,train public transport commute travel on the rails subway amtrak
ğŸš‡,metro subway underground tube public transport city life mta
ğŸšˆ,light rail tram streetcar public transport city commute above ground trolley
ğŸš‰,station train station platform waiting for the train next stop commute grand central
ğŸšŠ,tram streetcar city transport public trolley commute cable car
ğŸš,monorail disney world future tech elevated train public transport simpsons
ğŸš,mountain railway scenic route beautiful view mountain travel train cog railway
ğŸš‹,tram car trolley city tour public transport vintage ride streetcar
ğŸšŒ,bus public transport commute school bus the wheels on the bus city travel greyhound
ğŸš,oncoming bus watch out traffic commute public transport road danger
ğŸš,trolleybus electric bus public transport eco-friendly city travel trolley
ğŸš,minibus shuttle van group travel small bus airport transfer van life
ğŸš‘,ambulance emergency help 911 hospital first responder siren
ğŸš’,fire engine fire truck emergency hero firefighter rescue siren
ğŸš“,police car cops 5-0 chase sirens law enforcement police
ğŸš”,oncoming police car feds are here sirens flashing lights busted pulled over
ğŸš•,taxi cab uber lyft ride share getting a ride hail a cab
ğŸš–,oncoming taxi cab's here your ride has arrived on my way taxi pickup
ğŸš—,automobile car road trip driving vroom vroom new car vehicle
ğŸš˜,oncoming automobile watch out traffic driving road trip zoom head on
ğŸš™,sport utility vehicle suv family car road trip adventure jeep 4x4
ğŸ›»,pickup truck country vibes truck life hauling ford chevy cybertruck
ğŸšš,delivery truck amazon prime package delivery mail truck moving truck ups
ğŸš›,articulated lorry semi truck big rig trucker convoy long haul 18-wheeler
ğŸšœ,tractor farm life country yeehaw agriculture harvesting john deere
ğŸï¸,racing car fast and furious need for speed formula 1 race day nascar
ğŸï¸,motorcycle biker harley davidson riding free hog life sturgis
ğŸ›µ,motor scooter vespa city travel cute ride italy vibes moped scootin
ğŸ¦½,manual wheelchair accessibility disability pride mobility aid independence pushing forward
ğŸ¦¼,motorized wheelchair accessibility mobility scooter disability pride freedom power chair
ğŸ›º,auto rickshaw tuk-tuk asia travel city ride cheap taxi three-wheeler
ğŸš²,bicycle biking cycling eco friendly exercise healthy lifestyle tour de france
ğŸ›´,kick scooter scooter life city travel last mile bird lime e-scooter
ğŸ›¹,skateboard sk8r boi tony hawk ollie kickflip shredding skate park
ğŸ›¼,roller skate roller disco groovy 70s vibes skating roller derby quad skates
ğŸš,bus stop waiting for the bus commute public transport bus route shelter
ğŸ›£ï¸,motorway highway road trip life is a highway open road freeway interstate
ğŸ›¤ï¸,railway track train tracks on the wrong side of the tracks journey adventure railroad
ğŸ›¢ï¸,oil drum oil prices gas prices fossil fuels industry pollution barrel
â›½,fuel pump gas station filling up expensive gas road trip pit stop petrol
ğŸ›,wheel new wheels tire car part reinvention of the wheel rims
ğŸš¨,police car light wee woo wee woo siren emergency alert breaking news flashing
ğŸš¥,horizontal traffic light red light green light stop and go traffic signal intersection driving
ğŸš¦,vertical traffic light red yellow green stop go traffic signal rules driving
ğŸ›‘,stop sign stop it get some help enough collaboration and listen halt octagon
ğŸš§,construction under construction work in progress delays ahead men at work road work
âš“,anchor navy nautical sailor you're my anchor grounded stable
ğŸ›Ÿ,ring buoy life saver help rescue SOS in trouble sinking lifeguard
â›µ,sailboat sailing yachting smooth sailing on the water relaxing boat
ğŸ›¶,canoe paddling lake life river trip adventure outdoors kayak
ğŸš¤,speedboat fast boat lake day fun on the water wakeboarding motorboat
ğŸ›³ï¸,passenger ship cruise ship vacation bon voyage all aboard floating hotel ocean liner
â›´ï¸,ferry boat travel commute water taxi island hopping ferry boat
ğŸ›¥ï¸,motor boat yacht luxury living rich af boat life fancy megayacht
ğŸš¢,ship i'm on a boat titanic shipping cargo container ship sea travel
âœˆï¸,airplane travel mode vacation wanderlust flying jet lag airport
ğŸ›©ï¸,small airplane private jet cessna propeller plane local flight charter
ğŸ›«,airplane departure takeoff wheels up bye see ya later adventure begins bon voyage
ğŸ›¬,airplane arrival landing touchdown welcome home back from vacation arrivals
ğŸª‚,parachute skydiving adrenaline rush free falling extreme sports safe landing paratrooper
ğŸ’º,seat take a seat window or aisle airplane seat reserved buckle up
ğŸš,helicopter chopper get to the choppa private ride aerial view rescue helo
ğŸšŸ,suspension railway unique transport elevated train wuppertal germany cool railway
ğŸš ,mountain cableway ski lift gondola mountain view scenic ride alps cable car
ğŸš¡,aerial tramway cable car scenic view city view tourist attraction high up gondola
ğŸ›°ï¸,satellite space technology communication GPS starlink orbit spy
ğŸš€,rocket to the moon stonks diamond hands spacex blast off nasa
ğŸ›¸,flying saucer ufo aliens i want to believe area 51 x-files  Roswell
ğŸ›ï¸,bellhop bell room service hotel lobby concierge tip me front desk
ğŸ§³,luggage packing for vacation travel baggage suitcase carry-on checked bag
âŒ›,hourglass done time's up game over deadline met it's finished too late
â³,hourglass not done loading patience please wait almost there time is running out
âŒš,watch apple watch what time is it wristwatch accessory rolex
â°,alarm clock wake up snooze button early morning deadline reminder good morning
â±ï¸,stopwatch timer race speedrun counting down fast lap time
â²ï¸,timer clock kitchen timer countdown cooking baking deadline egg timer
ğŸ•°ï¸,mantelpiece clock vintage old school grandfather clock antique time cuckoo
ğŸ•›,twelve oâ€™clock midnight noon high noon time for lunch 12:00
ğŸ•§,twelve-thirty 12:30 half past twelve time lunch break midday
ğŸ•,one oâ€™clock 1:00 time meeting appointment one
ğŸ•œ,one-thirty 1:30 half past one time appointment one thirty
ğŸ•‘,two oâ€™clock 2:00 time appointment schedule two
ğŸ•,two-thirty 2:30 half past two time coffee break two thirty
ğŸ•’,three oâ€™clock 3:00 time school's out tea time three
ğŸ•,three-thirty 3:30 half past three time snack time three thirty
ğŸ•“,four oâ€™clock 4:00 time happy hour approaching four afternoon
ğŸ•Ÿ,four-thirty 4:30 half past four time getting close to quittin time four thirty
ğŸ•”,five oâ€™clock 5:00 happy hour quitting time clock out five
ğŸ• ,five-thirty 5:30 half past five time heading home five thirty
ğŸ••,six oâ€™clock 6:00 dinner time evening six supper
ğŸ•¡,six-thirty 6:30 half past six time evening six thirty
ğŸ•–,seven oâ€™clock 7:00 evening prime time tv seven dinnertime
ğŸ•¢,seven-thirty 7:30 half past seven time winding down seven thirty
ğŸ•—,eight oâ€™clock 8:00 night time movie night homework eight
ğŸ•£,eight-thirty 8:30 half past eight time late evening eight thirty
ğŸ•˜,nine oâ€™clock 9:00 bedtime party time nine night
ğŸ•¤,nine-thirty 9:30 half past nine time getting late nine thirty
ğŸ•™,ten oâ€™clock 10:00 late night final thoughts bedtime ten
ğŸ•¥,ten-thirty 10:30 half past ten time almost midnight ten thirty
ğŸ•š,eleven oâ€™clock 11:00 witching hour almost midnight late eleven
ğŸ•¦,eleven-thirty 11:30 half past eleven time so late eleven thirty
ğŸŒ‘,new moon dark moon manifesting new beginnings spooky astrology
ğŸŒ’,waxing crescent moon growing moon setting intentions new phase energy astrology
ğŸŒ“,first quarter moon half moon taking action decision time balance astrology
ğŸŒ”,waxing gibbous moon almost full refining plans patience nearly there astrology
ğŸŒ•,full moon full moon energy werewolf spooky szn releasing letting go
ğŸŒ–,waning gibbous moon releasing gratitude sharing giving back astrology
ğŸŒ—,last quarter moon half moon letting go forgiving releasing baggage astrology
ğŸŒ˜,waning crescent moon surrender rest recharge empty before new moon
ğŸŒ™,crescent moon sailor moon sweet dreams sleepy time night night goodnight
ğŸŒš,new moon face creepy awkward stare shade side eye judging
ğŸŒ›,first quarter moon face side eye cheeky sly knowing look smug
ğŸŒœ,last quarter moon face knowing look sly cheeky wise old moon smug
ğŸŒ¡ï¸,thermometer it's getting hot in here fever sick temperature check climate change hot
â˜€ï¸,sun good morning sunshine hot girl summer sunny day happy bright
ğŸŒ,full moon face awkward smile creepy wholesome friendly moon man he he
ğŸŒ,sun with face good morning happy day positive vibes cheerful sunny smiling
ğŸª,ringed planet saturn space aesthetic astronomy cosmic vibes outer space
â­,star you're a star gold star good job five stars rate
ğŸŒŸ,glowing star sparkle magic special shiny you're amazing superstar
ğŸŒ ,shooting star make a wish the more you know magic once in a lifetime meteor
ğŸŒŒ,milky way galaxy space stars universe cosmic wonder stunning
â˜ï¸,cloud cloudy day daydreaming head in the clouds soft fluffy
â›…,sun behind cloud partly cloudy good weather mixed emotions okay day weather
â›ˆï¸,cloud with lightning and rain thunderstorm drama incoming bad weather stormy downpour
ğŸŒ¤ï¸,sun behind small cloud nice weather mostly sunny good day pleasant partly sunny
ğŸŒ¥ï¸,sun behind large cloud overcast cloudy weather meh gloomy gray
ğŸŒ¦ï¸,sun behind rain cloud sunshower scattered showers unpredictable weather april showers drizzle
ğŸŒ§ï¸,cloud with rain rainy day cozy vibes netflix and chill sad weather raining
ğŸŒ¨ï¸,cloud with snow snowing winter wonderland let it snow cold weather blizzard
ğŸŒ©ï¸,cloud with lightning thunder lightning stormy weather you should... now! electric
ğŸŒªï¸,tornado disaster chaos drama alert twisting weather cyclone
ğŸŒ«ï¸,fog foggy weather low visibility mysterious spooky silent hill mist
ğŸŒ¬ï¸,wind face windy day cold front blowing away my problems whoosh breezy
ğŸŒ€,cyclone hurricane typhoon dizzy spinning chaos messy
ğŸŒˆ,rainbow pride lgbtq+ hope after the rain colorful love is love
ğŸŒ‚,closed umbrella no rain today prepared just in case weather dry
â˜‚ï¸,umbrella rihanna rain protection stay dry weather parasol
â˜”,umbrella with rain drops rainy day stay dry cozy weather protection raining
â›±ï¸,umbrella on ground beach day relaxing shade vacation sun protection parasol
âš¡,high voltage lightning bolt harry potter power energy shock flash
â„ï¸,snowflake winter cold snow special unique frozen ice
â˜ƒï¸,snowman winter fun do you want to build a-snowman frosty cold snow day
â›„,snowman without snow winter is coming almost winter cold vibes snowman not yet
â˜„ï¸,comet shooting star disaster movie space rock cosmic event meteorite
ğŸ”¥,fire it's lit fire hot on fire lit af slay
ğŸ’§,droplet drip water tear sweat thirsty stay hydrated
ğŸŒŠ,water wave ocean beach surfing wavy new wave drowning
