ğŸ˜€,grinning face happy good vibes slay positive cheerful
ğŸ˜ƒ,grinning face with big eyes excited omg so happy big smile joyful
ğŸ˜„,grinning face with smiling eyes beaming so happy lol happy tears gleeful
ğŸ˜,beaming face with smiling eyes cheese grin happy face joy excited
ğŸ˜†,grinning squinting face lmao hilarious cracking up funny laughing hard
ğŸ˜…,grinning face with sweat phew that was close nervous laugh awkward anxious
ğŸ¤£,rolling on the floor laughing I'm dead so funny dying ROFL can't stop laughing
ğŸ˜‚,face with tears of joy crying laughing LMAO so true hilarious relatable
ğŸ™‚,slightly smiling face okay sure meh it is what it is passive aggressive
ğŸ™ƒ,upside-down face sarcasm oh well this is fine bruh moment ironic
ğŸ« ,melting face overwhelmed I'm dying cringe embarrassed it's too much
ğŸ˜‰,winking face rizz iykyk heyyy cheeky flirty
ğŸ˜Š,smiling face with smiling eyes blushing wholesome cute thank you content
ğŸ˜‡,smiling face with halo innocent pure good vibes blessed angelic
ğŸ¥°,smiling face with hearts in love simping adore you so cute obsessed
ğŸ˜,smiling face with heart-eyes down bad love this heart eyes crush amazing
ğŸ¤©,star-struck wow omg mind blown impressed amazing
ğŸ˜˜,face blowing a kiss mwah ily sending love for you smooches
ğŸ˜—,kissing face pucker up kiss love affection sweet
â˜ºï¸,smiling face shy happy pleased sweet bashful
ğŸ˜š,kissing face with closed eyes love you sweet dreams gentle kiss affectionate warm
ğŸ˜™,kissing face with smiling eyes happy kiss sweet wholesome affection lovely
ğŸ¥²,smiling face with tear happy tears coping this is fine emotional proud but sad
ğŸ˜‹,face savoring food yummy delicious bussin' tasty foodie
ğŸ˜›,face with tongue silly goofy joking playful blep
ğŸ˜œ,winking face with tongue just kidding crazy wild playful teasing
ğŸ¤ª,zany face goofy weirdo unhinged silly crazy
ğŸ˜,squinting face with tongue ew yuck gross silly playful
ğŸ¤‘,money-mouth face making bank rich flexing money moves bag secured
ğŸ¤—,smiling face with open hands hugs support thank you you're welcome care
ğŸ¤­,face with hand over mouth oops uh oh gossip spill the tea secret
ğŸ«¢,face with open eyes and hand over mouth no way shocked gasp oh my god wow
ğŸ«£,face with peeking eye can't look cringe curious spying peeking
ğŸ¤«,shushing face secret shhh be quiet don't tell anyone lips sealed
ğŸ¤”,thinking face sus hmmm let me think side eye pondering
ğŸ«¡,saluting face yes sir I understand on it respect heard
ğŸ¤,zipper-mouth face my lips are sealed no comment I'm not saying anything secretive quiet
ğŸ¤¨,face with raised eyebrow sus really? bombastic side eye doubt the audacity
ğŸ˜,neutral face mid bruh unimpressed straight face whatever
ğŸ˜‘,expressionless face done with this over it annoyed are you serious not amused
ğŸ˜¶,face without mouth speechless no words stunned blank at a loss for words
ğŸ«¥,dotted line face ghosted disappearing introvert invisible fading away
ğŸ˜¶â€ğŸŒ«ï¸,face in clouds head in the clouds daydreaming confused lost spaced out
ğŸ˜,smirking face sassy flirty I know something smug cheeky
ğŸ˜’,unamused face side eye whatever annoyed bored not impressed
ğŸ™„,face with rolling eyes oh brother are you kidding me annoying seriously lame
ğŸ˜¬,grimacing face yikes awkward oops cringe nervous
ğŸ˜®â€ğŸ’¨,face exhaling relief phew disappointed sigh tired letting go
ğŸ¤¥,lying face cap liar not true fake news sus
ğŸ«¨,shaking face shook earthquake vibrating shocked trembling
ğŸ˜Œ,relieved face phew thank goodness at peace calm satisfied
ğŸ˜”,pensive face sad in my feels thinking disappointed contemplative
ğŸ˜ª,sleepy face tired I need a nap sleepyhead exhausted snot bubble
ğŸ¤¤,drooling face bussin' delicious so hot simping thirsty
ğŸ˜´,sleeping face goodnight tired exhausted nap time zzz
ğŸ˜·,face with medical mask sick quarantine stay safe covid mask on
ğŸ¤’,face with thermometer feeling sick fever unwell under the weather sick day
ğŸ¤•,face with head-bandage ouch injury bonk headache in pain
ğŸ¤¢,nauseated face I'm gonna be sick gross that's disgusting ew feeling queasy
ğŸ¤®,face vomiting barfing puking that's sick throwing up disgusted
ğŸ¤§,sneezing face achoo allergies bless you feeling sick cold
ğŸ¥µ,hot face it's hot thirsty sweating so fine attractive
ğŸ¥¶,cold face freezing it's cold brrr icy shivering
ğŸ¥´,woozy face drunk tipsy confused dizzy partied too hard
ğŸ˜µ,face with crossed-out eyes dead knocked out shocked can't believe it overwhelmed
ğŸ˜µâ€ğŸ’«,face with spiral eyes confused dizzy woah hypnotized mind-boggled
ğŸ¤¯,exploding head mind blown no way I'm shocked that's crazy unbelievable
ğŸ¤ ,cowboy hat face yeehaw howdy country giddy up western
ğŸ¥³,partying face celebrate let's party happy birthday congrats turn up
ğŸ¥¸,disguised face incognito secret agent hiding anonymous who is that
ğŸ˜,smiling face with sunglasses cool vibes deal with it slay boss
ğŸ¤“,nerd face geek smart actually well actually studious
ğŸ§,face with monocle inspecting hmmm let me see fancy sophisticated
ğŸ˜•,confused face huh? I'm confused what do you mean puzzled uncertain
ğŸ«¤,face with diagonal mouth meh undecided skeptical not sure conflicted
ğŸ˜Ÿ,worried face concerned anxious oh no nervous stressed
ğŸ™,slightly frowning face sad bummed disappointed oh well unhappy
â˜¹ï¸,frowning face very sad upset unhappy depressed heartbroken
ğŸ˜®,face with open mouth wow omg shocked surprised no way
ğŸ˜¯,hushed face oh really? surprised speechless whoa
ğŸ˜²,astonished face gasp omfg shook can't believe it stunned
ğŸ˜³,flushed face embarrassed blushing shy oops caught
ğŸ¥º,pleading face pretty please puppy eyes for me? simping don't be mean
ğŸ¥¹,face holding back tears so proud wholesome happy tears emotional the feels
ğŸ˜¦,frowning face with open mouth oh no what happened concerned shocked sad dismayed
ğŸ˜§,anguished face devastated heartbroken in pain suffering distraught
ğŸ˜¨,fearful face scared yikes oh god terrified anxious
ğŸ˜°,anxious face with sweat nervous stressed out panicking sweating scared
ğŸ˜¥,sad but relieved face phew close call that was scary disappointed but okay bittersweet
ğŸ˜¢,crying face sad tears heartbroken upset in my feels
ğŸ˜­,loudly crying face crying deadass tears sobbing bawling I can't
ğŸ˜±,face screaming in fear ahhh omg scream terrified horror
ğŸ˜–,confounded face stressed frustrated ugh struggling overwhelmed
ğŸ˜£,persevering face hang in there you can do it struggle is real pushing through determined
ğŸ˜,disappointed face bummer that sucks let down sad unhappy
ğŸ˜“,downcast face with sweat stressed hard work phew anxious relieved
ğŸ˜©,weary face I'm so tired ugh over it exhausted I can't anymore
ğŸ˜«,tired face so done completely exhausted drained worn out fatigued
ğŸ¥±,yawning face bored so tired need coffee sleepy uninterested
ğŸ˜¤,face with steam from nose angry frustrated so mad triumph hmph
ğŸ˜¡,enraged face furious so angry pissed off livid seeing red
ğŸ˜ ,angry face mad grumpy annoyed not happy frustrated
ğŸ¤¬,face with symbols on mouth cursing swearing so mad fuming enraged
ğŸ˜ˆ,smiling face with horns villain era naughty mischievous evil plan sassy
ğŸ‘¿,angry face with horns evil monster demon time angry devil hating
ğŸ’€,skull dead dead skull I'm dead LMAO so funny it killed me
â˜ ï¸,skull and crossbones danger warning toxic pirate deadly
ğŸ’©,pile of poo crap that's shit messy oops bad situation
ğŸ¤¡,clown face you're a clown fool silly joker cringe
ğŸ‘¹,ogre monster demon scary angry folklore
ğŸ‘º,goblin mischief trickster goblin mode angry Japanese monster
ğŸ‘»,ghost ghosting spooky boo disappeared scary
ğŸ‘½,alien weirdo outer space ufo extraterrestrial strange
ğŸ‘¾,alien monster retro gaming space invaders pixelated nerd 8-bit
ğŸ¤–,robot bot AI futuristic cyborg no emotion
ğŸ˜º,grinning cat happy cat kitty meow cute smiling cat
ğŸ˜¸,grinning cat with smiling eyes happy kitty cute cat so happy cheerful cat feline friend
ğŸ˜¹,cat with tears of joy laughing cat funny cat cat lmao hilarious kitty cat meme
ğŸ˜»,smiling cat with heart-eyes love cat cat crush adore kitty in love with cat cute overload
ğŸ˜¼,cat with wry smile sassy cat smirking cat mischievous kitty cat smirk cunning
ğŸ˜½,kissing cat kiss cat kiss mwah kitty love you cat smooches feline affection
ğŸ™€,weary cat shocked cat omg cat surprised kitty scared cat what happened
ğŸ˜¿,crying cat sad cat poor kitty heartbroken cat tears upset feline
ğŸ˜¾,pouting cat angry cat mad kitty grumpy cat annoyed feline hiss
ğŸ™ˆ,see-no-evil monkey cringe can't watch awkward embarrassed oops
ğŸ™‰,hear-no-evil monkey not listening lalala ignoring tune out selective hearing
ğŸ™Š,speak-no-evil monkey no comment my lips are sealed secret can't say shh
ğŸ’Œ,love letter secret admirer confession crush ily note
ğŸ’˜,heart with arrow cupid in love love struck shot through the heart matchmaker
ğŸ’,heart with ribbon gift of love for you special someone present surprise
ğŸ’–,sparkling heart love it adore so cute magical sparkles
ğŸ’—,growing heart my love for you is growing heart expanding more love bigger love feeling it
ğŸ’“,beating heart my heart is racing love excitement thump thump butterflies
ğŸ’,revolving hearts in love couple goals shipping it me and you love you
ğŸ’•,two hearts besties love couple together soulmates
ğŸ’Ÿ,heart decoration love cute design heart symbol stylish lovely
â£ï¸,heart exclamation I love this! emphasis for real big love important
ğŸ’”,broken heart heartbreak sad it's over hurting dumped
â¤ï¸â€ğŸ”¥,heart on fire passionate love on fire so hot intense burning desire
â¤ï¸â€ğŸ©¹,mending heart healing getting over it self care moving on recovery
â¤ï¸,red heart love ily classic heart sending love sincere
ğŸ©·,pink heart cute love friendship sweet girly soft
ğŸ§¡,orange heart friendship support warmth good vibes caring
ğŸ’›,yellow heart best friends friendship happy sunshine platonic love
ğŸ’š,green heart jealousy friendship eco friendly matcha nature
ğŸ’™,blue heart trust loyalty sad deep love calm
ğŸ©µ,light blue heart gentle love calm peaceful sky soft
ğŸ’œ,purple heart bts army love support royalty luxury
ğŸ¤,brown heart poc love support chocolate cozy earthy
ğŸ–¤,black heart goth dark humor edgy sadness mourning
ğŸ©¶,grey heart neutral calm subtle moody sophisticated
ğŸ¤,white heart pure love peace angelic heavenly sincere
ğŸ’‹,kiss mark xoxo lipstick stain smooch sealed with a kiss flirty
ğŸ’¯,hundred points keep it 100 facts no cap for real absolutely
ğŸ’¢,anger symbol angry frustrated annoyed mad pissed
ğŸ’¥,collision bam pow mind blown explosion boom
ğŸ’«,dizzy woozy seeing stars magical sparkly trippy
ğŸ’¦,sweat droplets thirsty hot working hard nervous splash
ğŸ’¨,dashing away I'm out ghosting leaving got to go zoom
ğŸ•³ï¸,hole empty void disappearing act deep thoughts trap
ğŸ’¬,speech balloon text message comment chatting typing talking
ğŸ‘ï¸â€ğŸ—¨ï¸,eye in speech bubble I saw that witnessing the tea is hot watching spilling secrets
ğŸ—¨ï¸,left speech bubble conversation dialogue quote chat speaking
ğŸ—¯ï¸,right anger bubble shouting angry comment yelling mad ranting
ğŸ’­,thought balloon thinking daydreaming idea hmmm wondering
ğŸ’¤,ZZZ sleeping tired bored nothing to say asleep goodnight
