ğŸƒ,jack-o-lantern spooky season halloween vibes trick or treat autumn fall
ğŸ„,Christmas tree christmas vibes holiday season santa festive xmas
ğŸ†,fireworks new years 4th of july celebration lit bang
ğŸ‡,sparkler shiny glitter celebration festive light it up
ğŸ§¨,firecracker explosive dynamite tnt big bang celebrate
âœ¨,sparkles aesthetic glitter magic main character energy slay
ğŸˆ,balloon birthday party celebration congrats pop
ğŸ‰,party popper lets party celebration congrats good news surprise
ğŸŠ,confetti ball party time celebration you won congrats festive
ğŸ‹,tanabata tree star festival wish tree japanese festival summer celebration
ğŸ,pine decoration kadomatsu new year decoration japanese tradition good luck bamboo
ğŸ,Japanese dolls hinamatsuri doll festival girl's day emperor and empress tradition
ğŸ,carp streamer koinobori children's day boy's day japanese tradition wind sock
ğŸ,wind chime summer vibes relaxing zen gentle breeze soothing sound
ğŸ‘,moon viewing ceremony tsukimi harvest moon autumn festival full moon japanese tradition
ğŸ§§,red envelope lucky money chinese new year gift hÃ³ngbÄo good fortune
ğŸ€,ribbon coquette aesthetic cute girly bow
ğŸ,wrapped gift present surprise birthday gift whats in the box unboxing
ğŸ—ï¸,reminder ribbon support awareness cause in memory of solidarity
ğŸŸï¸,admission tickets get tickets entry pass event access showtime buy now
ğŸ«,ticket movie ticket concert ticket entry pass get in
ğŸ–ï¸,military medal veteran hero honor service military award
ğŸ†,trophy winner champion first place goat W
ğŸ…,sports medal award winner achievement recognition competing
ğŸ¥‡,1st place medal gold medal number one champion winner first place
ğŸ¥ˆ,2nd place medal silver medal second place runner up almost good job
ğŸ¥‰,3rd place medal bronze medal third place good effort on the podium at least you tried
âš½,soccer ball football world cup FIFA goal futbol
âš¾,baseball homerun MLB world series batter up pitch
ğŸ¥,softball fastpitch slowpitch softball game underhand diamond
ğŸ€,basketball hoops NBA ballin dunk three pointer
ğŸ,volleyball beach volleyball spike serve set bump
ğŸˆ,american football NFL super bowl touchdown gridiron tailgate
ğŸ‰,rugby football scrum try rugby league rugby union oval ball
ğŸ¾,tennis Wimbledon US Open serve ace match point
ğŸ¥,flying disc frisbee ultimate frisbee disc golf throw catch
ğŸ³,bowling strike spare bowling alley gutter ball turkey
ğŸ,cricket game wicket howzat batsman bowler ashes
ğŸ‘,field hockey stick and ball pitch penalty corner dribble scoop
ğŸ’,ice hockey NHL puck slapshot power play stanley cup
ğŸ¥,lacrosse lax cradle shoot check lacrosse stick
ğŸ“,ping pong table tennis paddle rally spin serve
ğŸ¸,badminton shuttlecock racket net smash birdie
ğŸ¥Š,boxing glove boxing knockout TKO fight night put em up
ğŸ¥‹,martial arts uniform karate judo taekwondo black belt dojo
ğŸ¥…,goal net goal score goalkeeper save netted
â›³,flag in hole golf fore hole in one putt PGA tour
â›¸ï¸,ice skate figure skating ice rink winter fun gliding axel jump
ğŸ£,fishing pole fishing gone fishing catch of the day angling reel it in
ğŸ¤¿,diving mask scuba diving snorkeling underwater ocean life deep sea
ğŸ½,running shirt marathon track and field jogging 5k run runner
ğŸ¿,skis skiing snow day winter sport slopes downhill
ğŸ›·,sled sledding snow day winter fun toboggan downhill
ğŸ¥Œ,curling stone winter olympics sweep bonspiel on the button hurry hard
ğŸ¯,bullseye on target nailed it perfect direct hit goals
ğŸª€,yo-yo trick walk the dog around the world classic toy playtime
ğŸª,kite go fly a kite windy day up up and away childhood outdoors
ğŸ”«,water pistol water gun squirt gun pew pew summer fun play fight
ğŸ±,pool 8 ball billiards pool eight ball trick shot behind the 8 ball
ğŸ”®,crystal ball fortune teller magic future mystic what do you see
ğŸª„,magic wand abracadabra magic trick wizard hocus pocus spell
ğŸ®,video game gaming fortnite esports controller gamer life
ğŸ•¹ï¸,joystick arcade retro gaming old school classic games 80s vibe
ğŸ°,slot machine jackpot vegas gambling casino winner winner
ğŸ²,game die roll the dice chance luck board games D&D
ğŸ§©,puzzle piece missing piece fits perfectly brain teaser jigsaw figuring it out
ğŸ§¸,teddy bear cute wholesome stuffed animal comfort childhood toy
ğŸª…,piÃ±ata piÃ±ata candy party smash celebration
ğŸª©,mirror ball disco ball party time dance floor groovy studio 54
ğŸª†,nesting dolls matryoshka russian doll stacking dolls traditional toy secret inside
â™ ï¸,spade suit cards poker ace of spades playing cards card game
â™¥ï¸,heart suit cards love poker playing cards card game
â™¦ï¸,diamond suit cards riches poker playing cards card game
â™£ï¸,club suit cards luck poker playing cards card game
â™Ÿï¸,chess pawn chess strategy checkmate opening move underrated
ğŸƒ,joker wild card prankster unpredictable chaos clown
ğŸ€„,mahjong red dragon mahjong tile game red dragon strategy chinese game
ğŸ´,flower playing cards hanafuda japanese card game go-stop sakura matching game
ğŸ­,performing arts drama theater kid acting two faced moody
ğŸ–¼ï¸,framed picture art masterpiece aesthetic picture frame gallery
ğŸ¨,artist palette artsy creative painting artist doodle
ğŸ§µ,thread spilling the tea story time connected timeline plot twist
ğŸª¡,sewing needle sewing mending DIY fashion stitching crafty
ğŸ§¶,yarn knitting crochet cozy vibes crafty DIY
ğŸª¢,knot tied up complicated relationship status getting hitched all tied up
