ğŸ‘“,glasses nerd emoji four eyes actually smart geeky
ğŸ•¶ï¸,sunglasses cool shades deal with it summer vibes slay
ğŸ¥½,goggles safety first lab drip swimming eye protection science experiment
ğŸ¥¼,lab coat scientist STEM research smart fit chemistry
ğŸ¦º,safety vest high-vis construction drip safety first workwear be seen
ğŸ‘”,necktie business formal office wear professional boss
ğŸ‘•,t-shirt drip merch outfit casual fit basic tee
ğŸ‘–,jeans denim drip fit check mom jeans y2k fashion
ğŸ§£,scarf cozy season fall aesthetic winter vibes accessory warm
ğŸ§¤,gloves winter fit warm hands cold weather gear no fingerprints mittens
ğŸ§¥,coat winter is coming outerwear drip jacket cozy
ğŸ§¦,socks funky socks cozy one is always missing no shoes feet warmers
ğŸ‘—,dress fit check prom dress main character energy slay formal wear
ğŸ‘˜,kimono japanese aesthetic traditional wear robe life elegant cultural attire
ğŸ¥»,sari desi vibes indian wedding bollywood traditional dress elegant
ğŸ©±,one-piece swimsuit beach day pool party summer fit hot girl summer swimming
ğŸ©²,briefs undies tighty whities underwear basics comfy
ğŸ©³,shorts summer uniform leg day short shorts comfy fit casual
ğŸ‘™,bikini hot girl summer beach body tan lines poolside itsy bitsy
ğŸ‘š,womanâ€™s clothes blouse fit check ootd cute top fashion
ğŸª­,folding hand fan shady spilling the tea dramatic flair extra staying cool
ğŸ‘›,purse coin purse essentials small bag cute money holder
ğŸ‘œ,handbag designer bag what's in my bag carryall tote fashion accessory
ğŸ‘,clutch bag evening out fancy no straps essentials only formal bag
ğŸ›ï¸,shopping bags retail therapy shopping haul shopaholic treat yourself new stuff
ğŸ’,backpack school supplies traveling hiking gear student life carry on
ğŸ©´,thong sandal flip flops chanclas beach shoes summer footwear casual
ğŸ‘,manâ€™s shoe dress shoes formal classy business casual leather
ğŸ‘Ÿ,running shoe sneakers kicks fresh drip gym shoes comfy
ğŸ¥¾,hiking boot adventure time outdoorsy trail life get outside sturdy
ğŸ¥¿,flat shoe ballet flats comfy shoes no heels casual cute easy on the feet
ğŸ‘ ,high-heeled shoe slay queen power move stilettos feeling fancy that girl aesthetic
ğŸ‘¡,womanâ€™s sandal summer shoes pedicure ready open toe strappy heeled sandal
ğŸ©°,ballet shoes balletcore coquette dancer en pointe graceful
ğŸ‘¢,womanâ€™s boot fall fashion cowboy boots thigh highs new boot goofin boots with the fur
ğŸª®,hair pick afro power natural hair care big hair don't care volume black pride
ğŸ‘‘,crown queen king main character royalty you dropped this
ğŸ‘’,womanâ€™s hat kentucky derby garden party sun hat extra fancy lady
ğŸ©,top hat classy dapper monopoly man magician old school fancy
ğŸ“,graduation cap graduated class of 2025 finally done on to the next mortarboard
ğŸ§¢,billed cap no cap baseball hat casual bad hair day hat
ğŸª–,military helmet army soldier combat gear protection veteran
â›‘ï¸,rescue workerâ€™s helmet first responder hero safety first help is on the way construction worker
ğŸ“¿,prayer beads spiritual vibes meditation good energy zen manifesting
ğŸ’„,lipstick makeup tutorial get ready with me pucker up slay beauty guru
ğŸ’,ring engaged put a ring on it wedding bling proposal commitment
ğŸ’,gem stone diamond hands rich bling bling precious shiny
ğŸ”‡,muted speaker you're on mute shhh silent mode no volume be quiet
ğŸ”ˆ,speaker low volume chill vibes lofi beats keep it down asmr quiet time
ğŸ”‰,speaker medium volume just right listening sound on normal volume audio
ğŸ”Š,speaker high volume bass boosted turn up party music loud blasting
ğŸ“¢,loudspeaker announcement PSA attention please listen up public service announcement
ğŸ“£,megaphone protest activism making a statement shout it out rally
ğŸ“¯,postal horn old timey announcement fanfare historical horn
ğŸ””,bell notification subscribe reminder school's out ding ding ding
ğŸ”•,bell with slash notifications off do not disturb unsubscribed silent mode peace and quiet
ğŸ¼,musical score sheet music classical music symphony reading music musician
ğŸµ,musical note new track now playing song vibe music
ğŸ¶,musical notes jamming out playlist good vibes dancing melody
ğŸ™ï¸,studio microphone podcast recording asmr voiceover broadcasting on air
ğŸšï¸,level slider settings adjust volume equalizer fine tuning sound mixing
ğŸ›ï¸,control knobs dj life producer sound board making beats tweaking settings
ğŸ¤,microphone karaoke night open mic sing your heart out drop the mic on stage
ğŸ§,headphone noise cancelling listening to music gaming headset podcast time in my own world
ğŸ“»,radio vintage vibes on the air tuning in old school radio broadcast
ğŸ·,saxophone jazz club smooth jazz sexy sax man blues instrumental
ğŸª—,accordion polka time folk music squeezebox traditional instrument unique sound
ğŸ¸,guitar anyway here's wonderwall rockstar acoustic session electric guitar shredding
ğŸ¹,musical keyboard piano man making beats synth playing keys musician
ğŸº,trumpet doot doot brass band fanfare jazz solo loud
ğŸ»,violin world's smallest violin sad music orchestra classical elegant
ğŸª•,banjo country roads folk music bluegrass paddle faster strumming
ğŸ¥,drum drumroll please badum tss percussion beat rock out
ğŸª˜,long drum congas bongos world music rhythm section percussion
ğŸª‡,maracas fiesta shake it latin music rhythm instrument party time
ğŸªˆ,flute band kid lizzo woodwind piccolo classical
ğŸ“±,mobile phone scrolling texting on my phone screenager doomscrolling
ğŸ“²,mobile phone with arrow sending text new phone who dis downloading uploading contact
â˜ï¸,telephone landline call me maybe old school phone vintage tech rotary
ğŸ“,telephone receiver incoming call answer the phone on hold hotline call center
ğŸ“Ÿ,pager beeper 90s kid old school tech emergency contact doctor on call
ğŸ“ ,fax machine ancient technology office relic dial up sound obsolete send a fax
ğŸ”‹,battery fully charged 100 percent full of energy ready to go power up
ğŸª«,low battery need a charger running on fumes 1 percent anxiety dying
ğŸ”Œ,electric plug charger power cord need an outlet plug it in electricity
ğŸ’»,laptop work from home study session coding late night grinding macbook
ğŸ–¥ï¸,desktop computer gaming rig pc master race command center office setup big screen
ğŸ–¨ï¸,printer paper jam low on ink printing money office problems hard copy
âŒ¨ï¸,keyboard keyboard warrior mechanical keyboard asmr typing clack clack workstation
ğŸ–±ï¸,computer mouse click and drag scrolling gaming mouse right click cursor
ğŸ–²ï¸,trackball retro tech ergonomic mouse old school computer alternative mouse ball mouse
ğŸ’½,computer disk minidisc 90s tech retro storage data disk old media
ğŸ’¾,floppy disk save icon retro tech ancient artifact 3.5 inch old school data
ğŸ’¿,optical disk cd mixtape 2000s throwback burn cd physical media
ğŸ“€,dvd movie night blockbuster vibes dvd collection bonus features physical media
ğŸ§®,abacus ancient calculator old school math counting beads manual math tool
ğŸ¥,movie camera filmmaking cinema on set lights camera action director
ğŸï¸,film frames film aesthetic analog vintage footage movie reel 35mm
ğŸ“½ï¸,film projector classic movie night old hollywood reel to reel cinema history projectionist
ğŸ¬,clapper board and action take one movie magic on set filmmaking
ğŸ“º,television netflix and chill binge watching what's on tv streaming the big screen
ğŸ“·,camera say cheese photo op capture the moment photographer making memories
ğŸ“¸,camera with flash paparazzi gotcha say cheese flash photography blinding lights
ğŸ“¹,video camera vlogging recording home movie camcorder filming
ğŸ“¼,videocassette vhs tape be kind rewind 90s movies blockbuster retro media
ğŸ”,magnifying glass tilted left zoom in inspecting look closer research details
ğŸ”,magnifying glass tilted right searching investigating spill the tea find it detective mode
ğŸ•¯ï¸,candle cozy aesthetic romantic vibes scented candle power outage ambiance
ğŸ’¡,light bulb bright idea eureka lightbulb moment genius innovation
ğŸ”¦,flashlight torch spooky stories power cut in the dark light the way
ğŸ®,red paper lantern lunar new year chinese culture festive decor asian aesthetic celebration
ğŸª”,diya lamp diwali festival of lights indian tradition light over darkness celebration
ğŸ“”,notebook with decorative cover journaling dear diary cute notebook bullet journal writing things down
ğŸ“•,closed book the end read it story time's over bookworm library
ğŸ“–,open book reading studying bookworm chapter one story time
ğŸ“—,green book guidebook manual how to information reference
ğŸ“˜,blue book facebook study guide information manual learning
ğŸ“™,orange book novel reading story fiction literature
ğŸ“š,books booktok library studying knowledge book haul
ğŸ““,notebook taking notes journal school work doodling to do list
ğŸ“’,ledger accounting finances keeping records budgeting making cents
ğŸ“ƒ,page with curl document reading script turning the page old paper
ğŸ“œ,scroll ancient wisdom declaration historical document old school royal decree
ğŸ“„,page facing up document file paperwork reading essay
ğŸ“°,newspaper the tea current events headlines read all about it breaking news
ğŸ—ï¸,rolled-up newspaper good boy fetch old news paper route extra extra
ğŸ“‘,bookmark tabs organized research studyblr color coded important info
ğŸ”–,bookmark saving my spot to be continued reading break placeholder book lover
ğŸ·ï¸,label price tag name tag on sale branding identify
ğŸ’°,money bag secure the bag rich af making bank cash prize big spender
ğŸª™,coin crypto bro spare change make a wish heads or tails money
ğŸ’´,yen banknote anime money travel to japan foreign currency cash JPY
ğŸ’µ,dollar banknote making it rain cash money get that bread benjamins show me the money
ğŸ’¶,euro banknote traveling to europe foreign currency cash money EUR
ğŸ’·,pound banknote brexit bucks uk travel british currency quid GBP
ğŸ’¸,money with wings broke where did my money go spending spree bye paycheck impulse buy
ğŸ’³,credit card adulting tap to pay debt in my plastic era swipe swipe
ğŸ§¾,receipt cvs receipt proof of purchase tax write off it's long budgeting
ğŸ’¹,chart increasing with yen stonks to the moon investing profit crypto gains
âœ‰ï¸,envelope snail mail you've got mail sending a letter pen pal special delivery
ğŸ“§,e-mail in my email era per my last email inbox work email digital mail
ğŸ“¨,incoming envelope new message dm slide you've got mail notification inbox
ğŸ“©,envelope with arrow message sent whoosh yeet delivered sent
ğŸ“¤,outbox tray sending uploading in the queue waiting to send outgoing
ğŸ“¥,inbox tray inbox zero download new mail dms are open you've got mail
ğŸ“¦,package amazon delivery unboxing haul special delivery mail day shein package
ğŸ“«,closed mailbox with raised flag mail's here check your mail snail mail delivery post has arrived got mail
ğŸ“ª,closed mailbox with lowered flag no mail today empty mail has been collected waiting disappointed
ğŸ“¬,open mailbox with raised flag you've got mail letters incoming check it mail time
ğŸ“­,open mailbox with lowered flag all empty no letters for me sad times still waiting nothing
ğŸ“®,postbox sending love mail drop post office snail mail letterbox
ğŸ—³ï¸,ballot box with ballot vote election day your voice matters civic duty rock the vote
âœï¸,pencil artist writer doodling school supplies erasable
âœ’ï¸,black nib calligraphy fancy writing ink pen vintage quill
ğŸ–‹ï¸,fountain pen classy writer aesthetic ink sophisticated signature pen
ğŸ–Šï¸,pen taking notes signing writer click pen permanent
ğŸ–Œï¸,paintbrush artist check painting creative process masterpiece artsy
ğŸ–ï¸,crayon coloring book childhood nostalgia arts and crafts eat the rich marine
ğŸ“,memo to do list reminder quick note don't forget study notes
ğŸ’¼,briefcase boss mode work life professional business trip corporate
ğŸ“,file folder get organized paperwork work files study materials documents
ğŸ“‚,open file folder looking for files accessing documents research mode browsing data
ğŸ—‚ï¸,card index dividers super organized color coded filing system tabs data management
ğŸ“…,calendar save the date scheduling what's the plan appointment event planning
ğŸ“†,tear-off calendar new day new me daily reminder countdown one day at a time retro calendar
ğŸ—’ï¸,spiral notepad note taking journaling to do list spiral bound school
ğŸ—“ï¸,spiral calendar planner staying organized appointments schedule deadlines
ğŸ“‡,card index rolodex retro office contact list old school contacts analog data
ğŸ“ˆ,chart increasing stonks go up to the moon bull market profit good investment
ğŸ“‰,chart decreasing not stonks diamond hands bear market big loss it's going down
ğŸ“Š,bar chart data viz stats analytics presentation business report
ğŸ“‹,clipboard checklist survey getting things done official list to-do
ğŸ“Œ,pushpin pinned comment important reminder bulletin board tack note
ğŸ“,round pushpin location dropped you are here map marker destination on the map
ğŸ“,paperclip attachment office assistant clippy vibes link keep it together
ğŸ–‡ï¸,linked paperclips teamwork besties ride or die connected strong bond
ğŸ“,straight ruler measure up rule follower straight edge inches and cm drawing lines
ğŸ“,triangular ruler geometry class math nerd set square angles precision
âœ‚ï¸,scissors snip snip cut toxic people off arts and crafts DIY trim
ğŸ—ƒï¸,card file box archive old records data storage library science deep dive
ğŸ—„ï¸,file cabinet office life bureaucracy paperwork storage classified
ğŸ—‘ï¸,wastebasket trash delete yeet garbage can throw it away
ğŸ”’,locked private account no entry secure access denied locked down
ğŸ”“,unlocked public account access granted open welcome free to enter
ğŸ”,locked with pen e-signature secure document signed sealed delivered encrypted official business
ğŸ”,locked with key secret revealed key to success private unlock me escape room
ğŸ”‘,key major key alert the key is secret to success answer unlock potential
ğŸ—ï¸,old key vintage antique skeleton key secret garden mystery
ğŸ”¨,hammer getting hammered smash build something fix it tool time
ğŸª“,axe chopping wood lumberjack aesthetic axe to grind breakup sharp
â›ï¸,pick minecraft mining for diamonds hard work digging deep pickaxe
âš’ï¸,hammer and pick under construction hard labor working man tools crafting
ğŸ› ï¸,hammer and wrench diy project fixing it handyman repairs tool kit
ğŸ—¡ï¸,dagger backstabber sneaky watch your back assassin sharp
âš”ï¸,crossed swords battle let's fight versus challenge accepted duel
ğŸ’£,bomb bombshell the bomb dot com truth bomb about to explode fire
ğŸªƒ,boomerang karma's a boomerang it'll come back to you what goes around aussie throwback
ğŸ¹,bow and arrow cupid's arrow hitting the target archery katniss everdeen hawkeye
ğŸ›¡ï¸,shield protect at all costs defense mode guard up blocking the haters shield wall
ğŸªš,carpentry saw woodworking DIY cutting ties sharp construction
ğŸ”§,wrench tool mechanic fix it tighten up adjustable
ğŸª›,screwdriver diy assemble furniture fix it tool kit righty tighty
ğŸ”©,nut and bolt the basics hardware teamwork essentials put it together
âš™ï¸,gear settings in the works processing mechanics how it works
ğŸ—œï¸,clamp under pressure holding on tight vice grip secure no escape
âš–ï¸,balance scale justice libra season weighing my options equality karma
ğŸ¦¯,white cane visually impaired blind mobility aid independence guide
ğŸ”—,link link in bio connection hyperlink chain stay connected
â›“ï¸,chains feeling trapped no escape heavy edgy aesthetic unbreakable
ğŸª,hook hooked on a feeling gotcha catchy tune captain hook bait
ğŸ§°,toolbox fixer upper diy king handyman all the tools ready to work
ğŸ§²,magnet attraction manifesting magnetic personality pulling them in opposites attract
ğŸªœ,ladder climbing the ladder of success leveling up social climbing step by step moving up
âš—ï¸,alembic potion making alchemy chemistry class old school science distilling
ğŸ§ª,test tube science experiment lab results chemistry mad scientist research
ğŸ§«,petri dish growing culture biology lab science experiment microbiology
ğŸ§¬,dna it's in my DNA ancestry genetics life's code heredity
ğŸ”¬,microscope let's look closer tiny details science lab research biology
ğŸ”­,telescope stargazing looking for signs space nerd astronomy discovery
ğŸ“¡,satellite antenna signal communication 5g connecting broadcast
ğŸ’‰,syringe vaxxed and waxed shot girl summer getting the vaccine needle medicine
ğŸ©¸,drop of blood period problems blood donation bloody true crime vampire vibes
ğŸ’Š,pill take a chill pill red pill or blue pill daily meds vitamin healthcare
ğŸ©¹,adhesive bandage band-aid healing era boo boo quick fix get well soon
ğŸ©¼,crutch needing support injury recovering leaning on someone help
ğŸ©º,stethoscope doctor's orders listening to your heart med school healthcare worker checkup
ğŸ©»,x-ray i see right through you broken bone medical imaging what's inside skeleton
ğŸšª,door new opportunities exit strategy choose your path close the door entrance
ğŸ›—,elevator going up level up lift stuck moving on up
ğŸª,mirror mirror selfie self reflection check yourself aesthetic looking good
ğŸªŸ,window window of opportunity daydreaming view letting light in perspective
ğŸ›ï¸,bed i'd rather be in bed sleepyhead cozy vibes sweet dreams nap time
ğŸ›‹ï¸,couch and lamp netflix and chill movie night lazy day living room vibes comfy
ğŸª‘,chair take a seat waiting room musical chairs the hot seat spill the tea
ğŸš½,toilet porcelain throne bathroom break nature calls gotta go restroom
ğŸª ,plunger in a sticky situation help clogged bathroom emergency problem solver
ğŸš¿,shower shower thoughts rinse off the drama singing in the shower get clean refresh
ğŸ›,bathtub self care sunday bath bomb bubble bath relax and unwind spa night
ğŸª¤,mouse trap it's a trap gotcha bait and switch tricked cat and mouse game
ğŸª’,razor close shave that was close smooth clean cut self care
ğŸ§´,lotion bottle skincare routine moisturize self care smooth skin beauty product
ğŸ§·,safety pin holding it together by a thread punk aesthetic diy fashion quick fix secure
ğŸ§¹,broom clean sweep sweeping the competition witchy vibes clean up your act chores
ğŸ§º,basket laundry day picnic aesthetic don't put all your eggs in one storage cute
ğŸ§»,roll of paper toilet paper the great shortage of 2020 essentials tp bathroom
ğŸª£,bucket bucket list kick the bucket chore time fill it up water bucket challenge
ğŸ§¼,soap wash your hands clean freak drop the soap stay clean fresh
ğŸ«§,bubbles bubbly personality cute aesthetic pop carefree fun
ğŸª¥,toothbrush dental hygiene morning routine fresh breath smile care brush up
ğŸ§½,sponge spongebob squarepants absorbent soaking it all in cleaning day porous
ğŸ§¯,fire extinguisher put out the fire emergency too hot to handle safety first problem solver
ğŸ›’,shopping cart add to cart retail therapy grocery run pushing through consumerism
ğŸš¬,cigarette depressed smoking bad habit stressed out unhealthy nicotine fix
âš°ï¸,coffin dead inside i'm dying rip me game over funeral
ğŸª¦,headstone rip graveyard shift spooky season in loving memory gone too soon
âš±ï¸,funeral urn ashes to ashes cremation memorial in remembrance final resting place
ğŸ§¿,nazar amulet evil eye protection good vibes only ward off negativity turkish eye amulet
ğŸª¬,hamsa protection from evil good fortune hand of fatima spiritual symbol blessing
ğŸ—¿,moai sigma face chad no emotion stoic bruh
ğŸª§,placard protest sign make a statement rally picket line activism
ğŸªª,identification card id drivers license let me see some id 21 identity
